Name,Url,Authority,Started On,Finished On,License Number
Introduction to Data Science in Python,https://www.coursera.org/account/accomplishments/verify/NYNSMKJNZ6KV,Coursera,Apr 2018,,NYNSMKJNZ6KV
Programming for Everybody (Getting Started with Python),https://www.coursera.org/account/accomplishments/verify/QRDBTQMNK2BR,Coursera,Mar 2019,,QRDBTQMNK2BR
"Web Scraping with Python: BeautifulSoup, Requests & Selenium",https://www.udemy.com/certificate/UC-W0YKHH9F/,Udemy,Apr 2019,,UC-W0YKHH9F
Algorithmic Toolbox,https://www.coursera.org/account/accomplishments/verify/K6XABHYTJKEF,Coursera,Sep 2019,,K6XABHYTJKEF
Data Structures,https://www.coursera.org/account/accomplishments/verify/GYYMQ2JXWA78,Coursera,Oct 2019,,GYYMQ2JXWA78
Graph Algorithms,https://courses.edx.org/certificates/c08d1c979092463e9e3e48f502bfbc69,edX,Dec 2019,Dec 2020,c08d1c979092463e9e3e48f502bfbc69
