Organization,Followed On
"Gandhi Institute of Technology & Management (GITAM) University, Visakhapatnam",Mon Dec 05 21:11:25 UTC 2016
Northern Illinois University,Mon Feb 12 19:43:27 UTC 2018
Microsoft,Sun Apr 14 00:39:41 UTC 2019
Tesla,Sun Apr 14 00:40:33 UTC 2019
Google,Sun Apr 14 00:41:10 UTC 2019
YouTube,Sun Apr 14 00:41:18 UTC 2019
Nest,Sun Apr 14 00:41:28 UTC 2019
Facebook,Sun Apr 14 00:41:39 UTC 2019
Deloitte,Sun Apr 14 00:41:46 UTC 2019
Apple,Sun Apr 14 00:42:01 UTC 2019
Airbnb,Sun Apr 14 00:42:08 UTC 2019
Oracle,Sun Apr 14 00:42:11 UTC 2019
Dell Technologies,Sun Apr 14 00:42:29 UTC 2019
WeWork,Sun Apr 14 00:42:38 UTC 2019
Spotify,Sun Apr 14 00:42:55 UTC 2019
Comcast,Sun Apr 14 00:43:12 UTC 2019
Lyft,Sun Apr 14 00:43:15 UTC 2019
Slack,Sun Apr 14 00:43:28 UTC 2019
SAP,Sun Apr 14 00:43:45 UTC 2019
Johnson & Johnson,Sun Apr 14 00:43:47 UTC 2019
Pinterest,Sun Apr 14 00:43:50 UTC 2019
Non-Profit Organization,Wed Apr 17 15:49:25 UTC 2019
UNICEF,Wed Apr 17 15:49:43 UTC 2019
TED Conferences,Sat Apr 20 18:13:28 UTC 2019
LinkedIn,Sat Apr 20 18:13:29 UTC 2019
Amazon,Sat Apr 20 18:13:34 UTC 2019
IBM,Sat Apr 20 18:13:53 UTC 2019
Forbes,Sat Apr 20 18:13:54 UTC 2019
"Nemo IT Solutions, Inc",Sat Apr 20 18:26:41 UTC 2019
Tata Consultancy Services,Sat Apr 20 18:51:01 UTC 2019
Adobe,Sat Apr 20 18:51:03 UTC 2019
Business Insider,Sat Apr 20 18:51:04 UTC 2019
Vulcan Inc.,Sun Apr 21 14:28:51 UTC 2019
Larsen & Toubro,Sun Apr 21 14:28:54 UTC 2019
Nestlé,Sun Apr 21 14:28:59 UTC 2019
Amazon Web Services (AWS),Sun Apr 21 14:29:57 UTC 2019
ITC Limited,Sun Apr 21 14:29:59 UTC 2019
The Economic Times,Sun Apr 21 14:30:01 UTC 2019
Deloitte India,Sun Apr 21 14:30:04 UTC 2019
Indian Institute of Science (IISc),Sun Apr 21 14:30:06 UTC 2019
Cisco,Sun Apr 21 14:30:07 UTC 2019
Tata Motors,Sun Apr 21 14:30:15 UTC 2019
Accenture,Sun Apr 21 14:30:18 UTC 2019
Netflix,Sun Apr 21 14:30:21 UTC 2019
Deloitte India (Offices of the US),Sun Apr 21 14:30:25 UTC 2019
Infosys,Sun Apr 21 14:30:29 UTC 2019
Dell,Sun Apr 21 14:30:30 UTC 2019
LinkedIn Learning,Sun Apr 21 14:30:32 UTC 2019
Hindustan Times,Sun Apr 21 14:30:39 UTC 2019
Wipro Limited,Sun Apr 21 22:40:27 UTC 2019
The Economist,Sun Apr 21 22:40:29 UTC 2019
Tech Mahindra,Mon Apr 22 14:32:25 UTC 2019
GitHub,Mon Apr 22 14:32:28 UTC 2019
Accenture in India,Mon Apr 22 14:32:30 UTC 2019
"Affirm, Inc.",Mon Apr 22 14:36:09 UTC 2019
Tata Steel,Mon Apr 22 15:33:52 UTC 2019
Aditya Birla Group,Mon Apr 22 15:33:59 UTC 2019
GE Power,Mon Apr 22 15:34:03 UTC 2019
HCL Technologies,Mon Apr 22 21:52:17 UTC 2019
Hewlett Packard Enterprise,Sun Apr 28 23:48:57 UTC 2019
Google AI,Sun Apr 28 23:48:58 UTC 2019
HP,Wed May 01 00:58:31 UTC 2019
VMware,Wed May 01 21:46:06 UTC 2019
Capgemini,Fri May 03 13:56:06 UTC 2019
L&T Technology Services Limited,Fri May 03 13:56:08 UTC 2019
EY,Fri May 03 13:56:09 UTC 2019
HackerRank,Fri May 03 13:56:13 UTC 2019
Interesting Engineering,Fri May 03 13:56:15 UTC 2019
Inc. Magazine,Mon May 06 01:27:35 UTC 2019
Harvard Business Review,Mon May 06 01:27:37 UTC 2019
Wayfair,Tue May 07 23:39:59 UTC 2019
Daily Facts®,Tue May 07 23:40:02 UTC 2019
Tableau Software,Tue May 07 23:40:02 UTC 2019
WIRED,Fri May 10 22:46:40 UTC 2019
Education Week,Wed May 15 01:02:44 UTC 2019
The Atlantic,Wed May 15 01:02:45 UTC 2019
Cognizant,Mon May 20 01:12:37 UTC 2019
National Security Agency,Mon May 20 01:12:40 UTC 2019
DXC Technology,Mon May 20 01:12:43 UTC 2019
Nike,Wed May 22 04:04:33 UTC 2019
The Wall Street Journal,Wed May 22 04:04:34 UTC 2019
NASA - National Aeronautics and Space Administration,Thu Jul 18 15:23:03 UTC 2019
Verisk,Mon Jul 22 18:24:34 UTC 2019
GlobalData Plc,Mon Sep 09 19:43:18 UTC 2019
Horizontal,Sat Nov 23 18:00:59 UTC 2019
Infinity Consulting Solutions,Sat Nov 23 18:01:08 UTC 2019
Workbridge Associates,Sat Nov 23 18:01:20 UTC 2019
VanderHouwen,Sat Nov 23 18:01:39 UTC 2019
Rocket Software,Sat Nov 23 18:02:19 UTC 2019
BCforward,Sat Nov 23 18:02:39 UTC 2019
Volt Workforce Solutions,Sat Nov 23 18:02:59 UTC 2019
CNSI,Sat Nov 23 18:03:30 UTC 2019
TLS Advisors LLC,Sat Nov 30 00:57:02 UTC 2019
Intellipro Group Inc,Thu Dec 05 06:43:57 UTC 2019
NetApp,Thu Dec 05 06:49:20 UTC 2019
Bandwidth Inc.,Sun Dec 15 00:26:22 UTC 2019
KUKA Systems North America LLC,Fri Dec 20 05:58:49 UTC 2019
"CPS, Inc.",Fri Dec 20 17:44:04 UTC 2019
Universal Electronics,Mon Dec 23 01:03:09 UTC 2019
Cyborg Inc.,Wed Jan 15 00:35:07 UTC 2020
GE,Wed May 22 12:45:43 UTC 2019
Datanest,Sat Jun 08 09:11:26 UTC 2019
Virtusa,Mon Jul 15 20:50:27 UTC 2019
Solstice,Fri Jul 19 16:53:19 UTC 2019
Talener,Fri Jul 19 16:54:40 UTC 2019
The Judge Group,Tue Aug 06 01:14:56 UTC 2019
TriNet,Sun Sep 08 22:14:43 UTC 2019
Acronis,Sun Sep 15 17:56:19 UTC 2019
CME Group,Tue Sep 17 22:35:49 UTC 2019
Pure Storage,Sun Sep 22 18:20:04 UTC 2019
Apex Systems,Wed Sep 25 21:05:28 UTC 2019
Getty Images,Wed Oct 02 19:26:56 UTC 2019
Datakwip,Sun Oct 06 16:29:42 UTC 2019
Parametric,Tue Oct 08 18:15:39 UTC 2019
SDL plc,Tue Oct 08 18:41:01 UTC 2019
Crawford Thomas Recruiting,Sat Oct 26 16:06:56 UTC 2019
CHR Solutions,Sat Oct 26 16:39:32 UTC 2019
XTec Incorporated,Sat Oct 26 16:45:43 UTC 2019
Nabler,Tue Oct 29 01:23:32 UTC 2019
"Fast Enterprises, LLC",Wed Nov 06 01:48:58 UTC 2019
Hexaware Technologies,Wed Nov 06 02:33:44 UTC 2019
"Yoh, A Day & Zimmermann Company",Fri Nov 08 14:39:35 UTC 2019
Emplify,Wed Nov 13 22:23:50 UTC 2019
Jobspring Partners,Mon Nov 18 21:19:56 UTC 2019
Softworld,Tue Nov 19 18:00:57 UTC 2019
Signature Consultants,Tue Nov 19 18:01:17 UTC 2019
PTC,Tue Nov 19 18:02:07 UTC 2019
Synamedia,Tue Nov 19 18:02:59 UTC 2019
Aerotek,Tue Nov 19 18:03:28 UTC 2019
Brooksource,Tue Nov 19 18:03:38 UTC 2019
Conversica,Tue Nov 19 18:05:29 UTC 2019
Dataminr,Tue Nov 19 18:06:20 UTC 2019
IMCS Group,Tue Nov 19 18:06:40 UTC 2019
Alexander Technology Group,Tue Nov 19 18:07:00 UTC 2019
Staff Management | SMX,Tue Nov 19 18:07:42 UTC 2019
Optomi,Tue Nov 19 18:08:01 UTC 2019
CERES Group,Tue Nov 19 18:08:11 UTC 2019
Prestige Staffing,Tue Nov 19 18:08:20 UTC 2019
HERE Technologies,Tue Nov 19 18:09:31 UTC 2019
STONE Resource Group,Tue Nov 19 18:10:01 UTC 2019
AASKI Technology,Tue Nov 19 18:10:31 UTC 2019
Manpower,Tue Nov 19 18:10:41 UTC 2019
Idexcel,Thu Nov 28 04:52:14 UTC 2019
Magenic,Thu Nov 28 04:52:36 UTC 2019
Simone & Associates,Thu Nov 28 04:53:25 UTC 2019
SeeByte,Thu Nov 28 04:54:16 UTC 2019
"Cohu, Inc.",Thu Nov 28 04:57:15 UTC 2019
Morton,Thu Nov 28 04:57:36 UTC 2019
CB Insights,Thu Nov 28 04:57:46 UTC 2019
Collabera Inc.,Thu Nov 28 04:58:16 UTC 2019
Vlocity,Thu Nov 28 04:58:35 UTC 2019
Bayside Solutions,Thu Nov 28 04:59:55 UTC 2019
Fooda,Tue Dec 03 04:58:28 UTC 2019
Scale Computing,Tue Dec 03 05:00:50 UTC 2019
HUNTER Technical Resources - htrjobs.com,Thu Dec 05 16:43:22 UTC 2019
Launch Consulting Group,Thu Dec 05 16:45:03 UTC 2019
"Reliance One, Inc.",Thu Dec 05 16:54:27 UTC 2019
Orchestrade Financial Systems,Sat Dec 14 23:51:57 UTC 2019
CCC Information Services,Mon Dec 16 04:42:34 UTC 2019
Roblox,Tue Dec 17 00:15:22 UTC 2019
andculture,Tue Dec 17 17:02:55 UTC 2019
West Michigan Search Group,Tue Dec 17 18:15:16 UTC 2019
Innovation Works,Wed Dec 18 03:35:28 UTC 2019
Sevan Multi-Site Solutions,Wed Dec 18 05:08:20 UTC 2019
Technology Start-Up,Wed Dec 18 23:04:29 UTC 2019
Airtime,Wed Dec 18 23:21:10 UTC 2019
Quantitative Systems,Fri Dec 20 16:17:48 UTC 2019
Yext,Fri Dec 20 18:17:28 UTC 2019
SThree,Fri Dec 20 18:32:55 UTC 2019
Verily Life Sciences,Sun Dec 22 15:29:58 UTC 2019
Vivid Resourcing Ltd,Mon Dec 23 01:53:55 UTC 2019
IMSI,Mon Dec 23 01:54:37 UTC 2019
UST Global,Mon Dec 23 02:08:18 UTC 2019
Marlabs Inc.,Thu Dec 26 22:28:33 UTC 2019
Fortinet,Fri Dec 27 01:26:47 UTC 2019
Postech Screw Piles,Fri Jan 03 03:38:54 UTC 2020
Comlinkdata,Fri Jan 03 04:04:58 UTC 2020
PayPal,Fri Jan 03 17:52:46 UTC 2020
mthree,Wed Jan 08 02:57:04 UTC 2020
IHS Markit,Sun Jan 12 18:01:19 UTC 2020
Cerner Corporation,Tue Jan 14 15:42:13 UTC 2020
Saviynt,Fri Jan 17 20:27:31 UTC 2020
Kargo,Sat Jan 18 15:45:55 UTC 2020
FactSet,Thu Jan 23 16:47:36 UTC 2020
Kin + Carta,Mon Jan 27 17:34:22 UTC 2020
Rancher Labs,Thu Jan 30 02:35:45 UTC 2020
Alegeus,Thu Jan 30 15:17:58 UTC 2020
ZEEKTEK,Sat Feb 01 07:05:43 UTC 2020
NextShift,Sat Feb 01 07:07:28 UTC 2020
Beyondsoft,Sat Feb 01 07:09:37 UTC 2020
Enervee,Wed Feb 05 14:51:10 UTC 2020
Visa,Thu Feb 06 15:01:00 UTC 2020
Official ASM Global,Fri Mar 13 17:55:51 UTC 2020
Launchable Inc,Mon Mar 16 23:59:07 UTC 2020
Addteq,Fri Mar 27 05:37:10 UTC 2020
AdaCore,Wed Apr 08 11:27:26 UTC 2020
Selby Jennings,Wed Apr 08 11:27:50 UTC 2020
National Oilwell Varco,Wed Apr 08 11:28:08 UTC 2020
RStor,Wed Apr 08 11:28:26 UTC 2020
LFD Studios,Wed Apr 08 11:29:04 UTC 2020
"Replacements, Ltd.",Fri Dec 20 06:02:50 UTC 2019
CyberCoders,Sat Jan 18 03:00:13 UTC 2020
"Armstrong Flooring, Inc.",Sat Jan 18 03:05:54 UTC 2020
Defence Research and Development Organisation (DRDO),Fri Feb 07 17:50:13 UTC 2020
Nicoll Curtin,Mon Feb 10 17:46:58 UTC 2020
Amazon Robotics,Fri Feb 14 22:02:31 UTC 2020
Synechron,Thu Mar 12 18:15:52 UTC 2020
Silverchair,Thu Mar 12 18:46:41 UTC 2020
Myndshft,Thu Mar 12 19:07:32 UTC 2020
Walmart International Design,Fri Mar 13 16:58:44 UTC 2020
Radley James,Sat Mar 14 22:18:31 UTC 2020
"NetBeez, Inc.",Wed Mar 18 01:32:01 UTC 2020
"Double Line, Inc.",Wed Mar 18 03:57:00 UTC 2020
Global Construction Placements,Wed Mar 18 04:19:08 UTC 2020
Manticore Games Inc.,Mon Mar 23 20:07:33 UTC 2020
Skills Pipeline,Sat Apr 04 18:33:41 UTC 2020
Nand Capital,Sat Apr 04 18:54:37 UTC 2020
GSOBA,Sat Apr 04 18:56:32 UTC 2020
Aras Corporation,Mon Apr 06 15:03:45 UTC 2020
NEO Tracker,Mon Apr 06 15:21:09 UTC 2020
Maxeta Technologies,Mon Apr 06 15:22:18 UTC 2020
BrightHive,Mon Apr 06 15:45:01 UTC 2020
Tyler Technologies,Tue Apr 07 02:55:21 UTC 2020
MechaSpin,Thu Apr 09 03:32:12 UTC 2020
Medecision,Wed Apr 15 04:06:34 UTC 2020