First Name,Last Name,Email Address,Company,Position,Connected On
Rakesh,patel,,SVRTechnologies,Digital Marketing Specialist,15 Apr 2020
Aakash Sai Raj,P B,,,,15 Apr 2020
Surya Srikar,Sirigineedi,,Florida International University: Applied Research Center,Applied Data Scientist,15 Apr 2020
Kaviya ,Murali . BDS,,Northern Illinois University,Graduate Assistant,10 Apr 2020
Amit,Khandelwal,,Self-employed,Masters Student,07 Apr 2020
Sukhen,Tiwari,,"Astir IT Solutions, Inc.",DevOps Architect,07 Apr 2020
Akhil Singh,Thakur,,Kent State University,Data Science Assistant,07 Apr 2020
,,,,,06 Apr 2020
Pradeep,Kumar,,Upwork,Developer,06 Apr 2020
Hsuankai,Chang,,SERES EV,Powertrain Control Engineer Intern,06 Apr 2020
AVINASH,JANA,,Tata Consultancy Services,Assistant System Engineer,04 Apr 2020
Anurag J.,"Shetty (AJ), CSSGB",anuragjay@gmail.com,Wright State University,Student Retention Associate (Mentor/ Leader),04 Apr 2020
Syed,Rouhan Mubarik,,Twenty First Century Techno Products Ltd.,Marketing Executive,24 Mar 2020
Pranay,Chowdary,,,,23 Mar 2020
Sachinika,Deemansa,,Virtusa,Business Analyst,23 Mar 2020
Snehal,P,,Global Construction Placements,Principal Consultant,21 Mar 2020
Kavitha,Gande,,Amazon,Client Lead- Technical Recruiter,19 Mar 2020
Dilip,Kumar,,Intellicrats Infosolutions Pvt Ltd.,Steel Detailer,19 Mar 2020
Madipally Sai,Krishna Sashank,,cppsecrets.com,Linux Developer,19 Mar 2020
Vamsi,varada,,KPMG,Data Scientist,19 Mar 2020
Sindhusha Devi,Parimi,,Northern Illinois University,Graduate Teaching Assistant,16 Mar 2020
Sneha,Pullaiahgari,,ZeMoSo Technologies,Talent acquisition at Zemoso Technologies,14 Mar 2020
Sateesh,Babu,,"RISE Pvt Ltd.,",President,14 Mar 2020
Gaddala,Rudesh,,TechniPros LLC,Us it Recruiter ,14 Mar 2020
SANKURU J S S S ,SIVAKANTH REDDY,,WEBYSYS,US IT STAFFING,12 Mar 2020
Suresh,Miriyapalli,,,,12 Mar 2020
Yashika,m,,Acceligize,Data Research Analyst,12 Mar 2020
Sanjeeva Reddy,Gundarapu,,Resolute B2B Inc,Data Research Analyst,12 Mar 2020
Navya,Medarametla,,Cap Gemini Consulting India Private Limited,Software Analyst,12 Mar 2020
Anand Vikram,Patte,,Accenture Services Private Limited. Gurgaon,Sales Business Development,09 Mar 2020
Anudeep Reddy,Patlola,,Northern Illinois University,Information Technology Support Analyst,04 Mar 2020
Uma Maheswara,Chinta,,"O2 Technologies,Inc",Software Engineer,28 Feb 2020
Morlamanideeps,Goud,,InnerWorkings,Manager,28 Feb 2020
Ryan,Riddel,,Riddel Research,Principal,28 Feb 2020
Suresh,Nunna,,AIbolt,Software Developer,26 Feb 2020
santosh,garikina,,Quadrant Resource ,Talent Acquisition Lead,26 Feb 2020
Harsh,Vardhan,,Amazon Robotics,Systems Support Engineer,26 Feb 2020
Nagarjun,Konathala,,Accenture,Business & Integration Arch Analyst,24 Feb 2020
Harsha Siva Sai,Sannapaneni,,Northern Illinois University,Graduate Research Assistant,21 Feb 2020
Mounika,Poddaturi,,Amazon Robotics,Systems Support Engineer II,21 Feb 2020
Kiran,Nara,,HighIQ.ai,RPA & Congnitive Automation Technical Lead,19 Feb 2020
Roosevelt,Martin,,Chicago State University,Asistant Dean,19 Feb 2020
Plastic,Free India,,India Youth For Society,A National Environmental Campaign ,19 Feb 2020
Dedeepya Sai,Palacherla,,Northern Illinois University,Graduate Assistant,18 Feb 2020
Vlad,Oprescu,,Harper College,Supplemental Instructor,12 Feb 2020
Yelamanchili,Prasanna Kumar,,Defence Research and Development Organisation (DRDO),SPI controller,07 Feb 2020
Sashank,Erla,,,,07 Feb 2020
Megha,L.B,,ACZ Global Pvt Ltd,Trainee,07 Feb 2020
Sushmitha,Chinta,,Accenture,Application Development Analyst,07 Feb 2020
Pooja Aishwarya,Bonthula,,Datum Solutions,Intern,06 Feb 2020
Naman,Mehta,,Farmer's Fridge,Production Planning Analyst,06 Feb 2020
Sumanth,Y,,Cerner Corporation,Senior Cloud/Devops Engineer,04 Feb 2020
Sharat,Chalasani,,Citi,Senior Applications Systems Engineer,01 Feb 2020
Rayeesuddin,Mohammed,,Virtusa,Performance Test QA Engineer,28 Jan 2020
Joseph,Melis,,"TRevolution, LLC",Business owner,28 Jan 2020
Prudhwee Raju,Kakarlapudi,,Bharat Heavy Electricals Limited,Summer Intern,24 Jan 2020
Hitesh,Hemrajani,,Swiggy,Marketing Executive,18 Jan 2020
Sashi K,Donepudi,,Ubet Solutions,Chief Operating Officer,18 Jan 2020
Tushar,Takmoge,,Trupti Trading Company,Chief Executive Officer,10 Jan 2020
VEERA MANISH,POLAMARASETTY,,Conestoga College,Student,09 Jan 2020
Balaji Naidu,Sadhu,,Northern Illinois University,Graduate Research Assistant,08 Jan 2020
Ravi,Thombre,,Cybage Software,Technical Engineer,03 Jan 2020
Yamalapalli,Rammohana Rao,,Capricot Technologies Pvt. Ltd.,Business Manager - Education Solutions,03 Jan 2020
,,,,,28 Dec 2019
Shobhit,Tripathi,,Huawei Technologies India,Senior Software Engineer,28 Dec 2019
Victor O.,Owoeye,,National Association of Black Journalists (NABJ),Undergraduate Chapter President,26 Dec 2019
Krithin Kumar,Venkatesh,,Northern Illinois University,Non-Instructional Volunteer (Research Assistant),25 Dec 2019
Chandana,Kandukuri,,Capgemini,Marketing Database Specialist,25 Dec 2019
Dinesh Choudary,Mutyala,,Mutyala Infratech Projects,Managing Partner,19 Dec 2019
Sivaramakrishnan,Raghavan,,Confidential (In stealth mode),Senior Software Engineer,19 Dec 2019
Zach,Jones,,Northwestern Mutual,Financial Advisor,18 Dec 2019
jacob,moore,,Northern Illinois University,Graduate Teaching Assistant,15 Dec 2019
Eanugu,Dileep,,Sellcraft Global Solutions Pvt Ltd,IT Recruiter,13 Dec 2019
Manas,Mallick,,GetMyUni,Digital Marketing Intern,13 Dec 2019
Prerna,Priyadarshini,,Benling India,Business Coordinator,13 Dec 2019
Bhavana,Vikram,,Information Technology & Consulting.,IT Manager & Business Analyst,10 Dec 2019
Mandar,S,,Sabane International,Managing Director,01 Dec 2019
Dheeraj,Jampani,,CVS Health,APM Consultant,16 Nov 2019
Veronica,Jensen,,ALDI USA,HR Recruitment Selection Intern,12 Nov 2019
Ankita,Gupta,,Dow,Chemical Engineer,11 Nov 2019
Aksa,Nasir,,,,09 Nov 2019
GITAM,Deemed University,,GITAM University,institute,09 Nov 2019
Priyanka varma,Dantuluri,,Sapphire Asta Hospitality Services,Business Development Manager,06 Nov 2019
Deepika,Chowdary,,Walmart,Full Stack Java Developer,06 Nov 2019
Sai Amal,Ankem,,Michigan Health Information Network Shared Services (MiHIN),Integration Support Analyst,29 Oct 2019
Erik,Rood,,Google,Real Estate Analyst,29 Oct 2019
Gopala Sai,Uppalapati,,Northern Illinois University,Graduate Research Assistant                 ,17 Oct 2019
Md. Mesbah,Uddin,mesbahuddin1991@gmail.com,Adient,Manufacturing Engineer,14 Oct 2019
Kranti ,K,,"American IT Solutions, Inc",Business Development Manager,12 Oct 2019
Monica,Vhatkar,,Northern Illinois University,Graduate Assistant,12 Oct 2019
Srikanth R,Nagidi,,Northern Illinois University,Graduate Research Assistant,09 Oct 2019
Rávîñdrä,Ravi Ýâdåv,,HPCL East Zone Allied Retail Business,Quality Control Analyst,06 Oct 2019
JAGADEESH,MATLAB,,VINCENSE SOFTWARE SOLUTIONS PVT.LTD,MATLAB DEVELOPER,03 Oct 2019
PhaniKumar,Narni,,Bosch Engineering and Business Solutions,Software Engineer,03 Oct 2019
Harshal,K,,RoboCapital.in,Financial Advisor,02 Oct 2019
Rashmikant,Ghevariya,,AMD,MTS,26 Sep 2019
Vishnu,Bandaru,,,,23 Sep 2019
Vishal,Gaur,,,,23 Sep 2019
Jacob,Hood,,Northern Illinois University,Graduate Teaching Assistant,23 Sep 2019
Alexander,Zeiger,,"Professional Land Surveyor Georgia, Alabama",Retired,16 Sep 2019
yeswanth,Siripurapu,,,,15 Sep 2019
Manikantasai,Dukka,,BlackBerry,Enterprise Analyst,10 Sep 2019
Ch,Devjani,,GlobalData Plc,Senior Researcher,09 Sep 2019
RIYAS,MUHAMMED,,Ztonebridge,Chief Executive Officer,06 Sep 2019
Madhulika,Devanshi,,"Nemo IT Solutions, Inc",Resource Coordinator,05 Sep 2019
Hari Krishna,Tanniru,,,,04 Sep 2019
Hitesh srivatsava ,Chakilam,,Accenture,Application Development Analyst,04 Sep 2019
Rohit,Gorle,,Colorado State University,Research Data Analyst at warner college of natural resources,31 Aug 2019
sujala,reddy,,,,30 Aug 2019
Drew,Veevers,,Wanstor,NOC Consultant,16 Aug 2019
Ravikanth,Chilakalapudi,,Tata Consultancy Services,Business Analyst,09 Aug 2019
venkatesh,oruganti,,Tata Consultancy Services,Assistant System Engineer,05 Aug 2019
Srikanth ,Aryan,,2COMS Consulting Pvt. Ltd.,Information Technology Recruiter,04 Aug 2019
Nathan,Kessenich,,Hormel Foods,Associate Industrial Engineer,01 Aug 2019
Charith,Chebrolu,,Kooriee,Programmer Analyst ,01 Aug 2019
Sai,Kumar,,LeadShuttle,Client Intelligence Analyst,30 Jul 2019
Neha,Singh,,,,29 Jul 2019
Saran Kumar Reddy,Padala,,Northern Illinois University,Graduate Assistant,28 Jul 2019
Prakash,Y,,CGS (Computer Generated Solutions),AWS Administrator,25 Jul 2019
Chhaya,Sharma,,Tata Consultancy Services,Talent Acquisition Specialist,23 Jul 2019
DHANUNJAYA RAO,SARIKA,,"GMR Institute of Technology (GMRIT), GMR Nagar, Rajam, Srikakulam Dt.,-532127 (CC-34))",Student,22 Jul 2019
Gurumoorthy,Gangadharan,,GITAM University,Director (Placements),20 Jul 2019
Chris,Dynek,,"Amzur Technologies, Inc",Business Development Manager,19 Jul 2019
,,,,,19 Jul 2019
Akshay,M Sabu,,Manappuram Finance Limited,Assistant Manager (IT),19 Jul 2019
,,,,,16 Jul 2019
Kate,Canfield,,Egen Solutions,Technical Recruiter,10 Jul 2019
Abdul Rahman,Shaikh,,Northern Illinois University,Research Assistant,09 Jul 2019
Anusha,Majumdar,,Deloitte India (Offices of the US),Audit and Assurance Analytics Specialist Assistant,07 Jul 2019
Rama krishna,Gummadidala,,NestAway Technologies Pvt Ltd,Operational Specialist,07 Jul 2019
Sachin,Raheja,,,,06 Jul 2019
Chakradhar,Thota,,Tata Consultancy Services,Data Scientist,06 Jul 2019
Sam,Vi,,"Axiom Properties, Inc.",Office Worker,06 Jul 2019
vipul,kota,,University of Central Florida,Graduate Teaching Assistant,30 Jun 2019
Raji,R,,JGDTech Pvt. Ltd.,Technical Recruiter,29 Jun 2019
Salah,Werfelli,,BaySand Inc.,President and CEO (Co-Founder),29 Jun 2019
Sreeja,Poduri,,Accenture,Associate Software Engineer,27 Jun 2019
Rahul,Yadav,,Yellow Messenger,"Country Head, Malaysia and Thailand",27 Jun 2019
Praveenkumar,Reddy,,movingDneedle Pvt. Ltd.,Marketing Executive,27 Jun 2019
SIRISHA,V,,NWMS ,Java Full stack developer,27 Jun 2019
Bharat,Yadagiri,,Deloitte India (Offices of the US),Associate Solution Advisor,26 Jun 2019
Pavan,Reddy,,Spontom Ventures Private Limited,Founder,26 Jun 2019
Vikas,Raghupathruni,,Wipro Limited.,Software Engineer Project Lead,25 Jun 2019
bharani,srivatsa,,Accenture,Associate Software Engineer,25 Jun 2019
Sai Kiran,Vunnam,,,,25 Jun 2019
Dakota,Lopez,,TEKsystems,IT Recruiter,25 Jun 2019
Ravi Ram,Naidu,,Deloitte India (Offices of the US),Solution Delivery Analyst,24 Jun 2019
Harsh,Patel,,IMCS Group,Technical Analyst/Recruiter,24 Jun 2019
nicole,joseph,,Toppr,Academic Consultant,24 Jun 2019
Venkata Deviprasad,Sura,,McAfee,Software Engineer,23 Jun 2019
AASHISH,SUTHAR,,Vestige Marketing Pvt. Ltd.,Director,23 Jun 2019
Lalith,Kumar,,TESRO INVESTMENT MANAGEMENT PVT.LTD ,Research Analyst,23 Jun 2019
Manoj,Sahoo,,Mphasis,Senior Technical Lead,23 Jun 2019
Navya Sushma,Tummala,,University of Houston,Research Assistant,22 Jun 2019
Saurabh,Kumar,,T.A.PAI MANAGEMENT INSTITUTE,Achievers' Club,21 Jun 2019
Viswanath,"Chilakala, CSM",,Microsoft,Data Analyst,20 Jun 2019
Jagadeesh,Gunupuru,,Fidelity Investments,Software Engineer,20 Jun 2019
Ketan,Rudrurkar,,San Jose State University,Student Assistant,19 Jun 2019
Vishal,Dixit,,,,19 Jun 2019
Darshana,Patel,vahbdarshana@gmail.com,Northern Illinois University,Student,19 Jun 2019
Rohith,kandula,,GITAM University,Student,19 Jun 2019
Sree,N,,"Nemo IT Solutions, Inc",Recruitment Team Member,19 Jun 2019
Bhavya,C,,Accion Labs,TA,19 Jun 2019
srinath,raoG,,GPROMARK IT SOLUTIONS ,Business Development Manager,19 Jun 2019
meenakshi,Doppa,,FURPSQ Technologies Pvt Ltd,Project Intern,19 Jun 2019
Ajnas,K C,,Sustain Group,Data Scientist,18 Jun 2019
Shu Yang,Ho,,Institute for Infocomm Research,Research Intern,18 Jun 2019
Sudheer,Yerra,,Rizzle,Senior QA Analyst,18 Jun 2019
Ashok,Tummepalli,,"Anthem, Inc.",SQL BI (SSIS/SSRS/SSAS) Developer,17 Jun 2019
Sripavan,Akula,,"E-Club, Venture Development Centre, GITAM",Lead Graphic Designer,17 Jun 2019
Aduri,Anveshreddy,,Evolutyz Corp,Automation Test Engineer,17 Jun 2019
Chandra Sekhar,P,,University of Birmingham,Teaching Associate,16 Jun 2019
Anjani,Kumar,,Deloitte,Human Resources Analyst,16 Jun 2019
Sahith,Gullapalli,,Myntra Jabong,Data Analyst,16 Jun 2019
Niveditha,HN,,Yellow Messenger,Software Development Engineer,16 Jun 2019
Santosh,Reddy,,NSICLTD,E-Hospital Service with a Query Machine,16 Jun 2019
Phani Anuj,Vajha,,ConfluxAI,Big Data Engineer,15 Jun 2019
Sri Harshavardhan,Vummidi,,"Computer Society of India, GITAM Student Branch",Head Of Public Relations,15 Jun 2019
Pooja,Jangir,,Nationwide,AWS Data Engineer,14 Jun 2019
Bharat,Busa,,Wolters Kluwer Tax & Accounting US,Applications Engineer,14 Jun 2019
Abhiram,Manthripragada CEH,,PwC India,Security Consultant,14 Jun 2019
Lowkya,Goli,,Enstin Labs Pvt. Ltd.,Sr. Firmware Engineer,14 Jun 2019
Rahul,Voruganti,,Fractal Analytics,Consultant,14 Jun 2019
patchigolla,raja,,Eximius Design,Analog Design Engineer,14 Jun 2019
Sai Manoj Kumar,Irukulla,,GEP Worldwide,.NET Developer(Software engineer),14 Jun 2019
Bharadwaj,Arya,,University of North Carolina at Charlotte,Graduate Research Assistant,14 Jun 2019
Pragathi,Kulkarni,,GAIAN SOLUTIONS,Founder's Staff - Social Media,14 Jun 2019
Yash,Joshi,,Accenture,SAP BODS Developer,13 Jun 2019
Prasad,Morusu,,GreenLine Labs,Web Development ,13 Jun 2019
Shukoor,Kalluvettikkal,,Health and Safety Medical Complex -Alsahha,Business Center Manager,13 Jun 2019
Pavan,V,,,,12 Jun 2019
Pavan,Josyabhatla,,Accenture,Associate Software Engineer,12 Jun 2019
Sai Charan,Konanki,,Boston Consulting Group (BCG),Data Scientist Intern- 2,11 Jun 2019
Purushottam,Kumar,,,,11 Jun 2019
Piergiorgio,Tessieri,,Publiartex srl,Business Administrator,10 Jun 2019
Gokul,kunala,,TUUCI,Supply Chain Coordinator ,10 Jun 2019
Kean,Smith,,Apple,Sr. Technical Recruiter,10 Jun 2019
vamsi,chintapalli,,"National Mortgage Insurance Corporation - ""National MI""",Sr. DevOps Engineer,10 Jun 2019
Sumanth choudary,tallapaneni,,,,10 Jun 2019
Louis,Gorcos  CDS,,EBS/ Trucking Compliance Solutions,Executive Consultant,10 Jun 2019
Prateek,Behera,,"Fountane, LLC ","HMS - HR, Marketing & Sales",09 Jun 2019
Nishant Kumar,Verma,,GE Healthcare,Senior Software Engineering,09 Jun 2019
Tanuku,Saieesh,,,,09 Jun 2019
Amrutha,Bysani,,,,09 Jun 2019
Ummul,Hasnat,,GATI-KWE,corporate HR,08 Jun 2019
Shravya,Maddipudi,,Walmart Technology,Software Engineer,08 Jun 2019
Ravindra,Divi,ravindradivi@outlook.com,Amazon Web Services (AWS),Software Development Engineer,07 Jun 2019
Upender,Bikkumalla,,TA Digital,Associate Software Engineer,07 Jun 2019
krisH,Jodu,,rgukt,student,07 Jun 2019
Ipsita,Mishra,,ME Conferences,Program Manager,07 Jun 2019
Naga Vineetha,Guntupalli,,Tata Consultancy Services,System Engineer,07 Jun 2019
Nallamala,Manoj kumar,,Tata Consultancy Services,Project Intern,07 Jun 2019
Priyadarsini,Chelikam,,LendingTree,Software Engineer,07 Jun 2019
Narasingh,Sahu,,"Computer Society of India, GITAM Student Branch",Vice President,06 Jun 2019
Sai Pavan Koundinya,Upadhyayula,,Infinity Ward,Associate UI Engineer,06 Jun 2019
Anjaneyulu,Nagilla,,ProDevBase,Sr SEO Analyst,06 Jun 2019
Karan,PVSR,,Accenture in India,Application Development Analyst,06 Jun 2019
Rohan,Sunki,,HCL Technologies,Data Analyst,06 Jun 2019
Naveen,Kumar,,Accenture,Business Process Associate,06 Jun 2019
Viswadeep,Meka,,Deloitte,Consultant,06 Jun 2019
Aditya,Kottu,,Tech Mahindra,Software Engineer,06 Jun 2019
Srividya,Ramya,,Tata Consultancy Services,Test Analyst,06 Jun 2019
Satish,Medisetti,,Financial Advisor,DISRR,06 Jun 2019
nitesh,manchikanti,,Microsoft,Project Manager,06 Jun 2019
chaitanya,sk,,AT&T,Spark and Hadoop Developer,05 Jun 2019
Naveen ,Reddy,,Temenos+Agility,Senior Accountant,05 Jun 2019
Sreekanth,Bhamidipati,,"Solix Technologies, Inc.",Software Developer Intern,05 Jun 2019
Hemanth,Sana,,Nokia,Research And Development Engineer,05 Jun 2019
Puneeth,Devabhaktuni,,DISH Network,Analyst/Developer 2,05 Jun 2019
Satya Vivek,Pabolu,,Monash University,Research Assistant,05 Jun 2019
siva aditya,putrevu,,Accenture,Application Development Analyst,05 Jun 2019
Geetha,g,,iJobDepot Consultancy Services,Senior Hr executive,05 Jun 2019
Subhash,Samanchi,,Tata Consultancy Services,Dot Net & Python Developer,05 Jun 2019
Sriharsha,bingi,,Expedia Group,Software Development Engineer 1,04 Jun 2019
Srivatsav,yadavalli,,SEQURETEK,Assistant Manager (Pre-sales),04 Jun 2019
Siva,Pinnamaneni,,Caterpillar Inc.,Software Developer 2,04 Jun 2019
Prabhu Sai Sasank,Aluru,,Minton Consulting,Consultant,04 Jun 2019
Murali,Reddy,,,,04 Jun 2019
Siva Gopichand Reddy,Maruri,,Tata Consultancy Services,Project Manager,04 Jun 2019
Vamsi Krishna,Simma,,General Motors,Data Scientist,03 Jun 2019
AVINASH,Palo,,Ubetsolutions ,MD & CEO ,03 Jun 2019
Nithin Raghava,Ramachandra Narla,,Accenture,Software Engineer,03 Jun 2019
Mungara,Kalyan Kumar Raju,,Tata Consultancy Services,Cyber Security Analyst,03 Jun 2019
Bhanuja,Arekatla,,Signer Tech,Back End Developer,03 Jun 2019
Manish Kumar,Yadav,,Indian Naval Academy,Sub Lieutenant,03 Jun 2019
Mani Bharath,Bhadragiri,,Accenture,Application Development Associate,02 Jun 2019
Maheesh,ragam,,Other,HR Recruiter,02 Jun 2019
Krishna Aditya,Attaluri,,Keka HR,Developer Intern,01 Jun 2019
Prabhu Nikhil,Bugatha ,,MetLife,Senior Technology Liaison,31 May 2019
Raghava,C,,OCLC Ohio,Software Developer,31 May 2019
Jure,Leskovec,,Pinterest,Chief Scientist,31 May 2019
Mehul,Jain,,FactSet,Senior Software Engineer,31 May 2019
Lalithendra Chowdari,"Mandava , PMP®",,Bank of America,"VP, Data Analytics and Visualization Specialist  (Risk & Compliance)",31 May 2019
Bharadwaj,Chivukula,,Fractal Analytics,Data Science Engineer,31 May 2019
Vikram Aditya,Menda,,Affirmed Networks,Software Engineer Co-op,31 May 2019
Omprakash,reddy,,Gem Source IT Consulting Pvt Ltd,IT Recruiter,31 May 2019
Jagadeesh,Neduri,,"Maharaj Vijayaram Gajapathi Raj College of Engineering, Chintalavalasa, Vizianagaram-535005 (CC-33)",Assistant Professor,31 May 2019
Prashanthi,Nakkella,,IBM,HR Service Adminstrator,31 May 2019
Sahiba,Sapra,,American Express,Analyst- Marketing Analytics,30 May 2019
Anirudh,A V,,SemanticBits,Software Engineer,30 May 2019
Kalyan,Sabbella,,Optum,Software Engineer,30 May 2019
Shivam,Prakash,,Tata Consultancy Services,Associate,30 May 2019
𝚂𝚊𝚝𝚒𝚜𝚑,𝙹𝚘𝚐𝚍𝚊𝚗𝚍,,CITYFURNISH,Operation Executive,30 May 2019
Charan,Patnaik,,True Influence,Digital Marketing Specialist,30 May 2019
V. K. Jayendra,Varma,,"Fountane, LLC ",Freelance Web Developer,30 May 2019
Abdul,Wazeed,,,,30 May 2019
RAMA VAMSI,MAGAPU,,CAIRS Adoption Software,Jr.Software Tester,30 May 2019
Ashish,Budaga,,Maple Software Pvt. Ltd.,Senior HR- Talent Acquisition,30 May 2019
Ganthi Prudhvi,Reddy,,Self employed,Self Employed,30 May 2019
varun,sai,,Art.com,bench sales recruiter,30 May 2019
Tanveer,Mohammad,,Infosys,Systems Engineer,30 May 2019
Lohit,Marla,,Guardant Health,Data Engineer,30 May 2019
Rajesh Babu,Putta,,Zenoti,Intern,30 May 2019
Morris,Hsieh,,MISUMI USA,Director of Product Management,29 May 2019
K P Naveen,Reddy,,Bolt IoT,Bolt Iot Students Partner,29 May 2019
Surya Prakash, Matcha,,Infosys,Senior System Engineer,29 May 2019
Ammireddy,Chirla,,Amazon,Software Development Engineer II,29 May 2019
Sangeeth,Kumar,,Altem Technologies Pvt Ltd,Technical Support Engineer,29 May 2019
Sarat,Kari,,Virtual Guard Services (P) Ltd,Lead Generation Executive,29 May 2019
Srinivas,Kolikonda ,,Arvensys Technologies,Offshore Operations Manager ,29 May 2019
Manikanta,Kandagatla,,Gainsight,Software Engineer,29 May 2019
Janapala,Srinivas,,HR Axiom,HR Intern ,29 May 2019
Joshua A.,Plaza,,"SundogIT, Inc.",Marketing Assistant,29 May 2019
,,,,,29 May 2019
Raghu ,Ram,,Defence Research and Development Organisation (DRDO),Project Intern,29 May 2019
MANJUNATH REDDY,G S,,Sonata Software,Technical Consultant,29 May 2019
Jayanth,Saikiran,,IEEE Computer Society,Chairperson of Computer Science,28 May 2019
Kishan,raj,,Stirring Minds,Intern,28 May 2019
Abhinash ,Jami ™,,Salesken,Manager - Branding and Digital Marketing,28 May 2019
Nitish,reddy,,Infosys,Single view developer,28 May 2019
Pandava,Swetha,,Microsoft,WISE member,28 May 2019
venkat kranthi kumar,kattamuri,,Tech Mahindra,Senior Technical Support,28 May 2019
Hemanth kumar,Gara,,Tata Consultancy Services Limited,System Engineer,28 May 2019
Lohith,Sasanapuri,,Applied AI Course,Training ml,28 May 2019
Sagar,Jaini,,Microsoft,Associate Consultant,28 May 2019
Sri Raghu Ram,Vatram,,,,28 May 2019
Geoffrey,Decker,,NIU - Dept. of Computer Science,Instructor,27 May 2019
Naga Bharath Kumar,Borra,bharathy2k7@gmail.com,V Sigma IT Labs Pvt.Ltd,Junior Data Analyst,27 May 2019
nitesh,Kalyan,,Broadridge,Member Technical,27 May 2019
Venkatesh,Chanda,,Cognizant,Security Engineer,27 May 2019
Hemanth ,Murukutla ,,,,27 May 2019
Nidhi Chauhan☀️,Your Career Coach🎯,,The Leader Education & Training Services,Corporate Trainer,27 May 2019
Sai Krishna,Telagareddy,krishnatelagareddi@gmail.com,Tata Consultancy Services,Assistant System Engineer,27 May 2019
Srithan Reddy,Savela,srithanreddy10@gmail.com,LYRA Work,Founder & CEO,27 May 2019
Santosh,Akella,,,,26 May 2019
Harsha,Attili,,University of North Texas,Masters Student,26 May 2019
VijayPrakash Reddy,Kovuru,,Marlabs Inc.,Data Scientist,26 May 2019
Guggilapu,Harish,,Accenture,Associate Software Engineer,26 May 2019
Roshan,Zameer,,Decibels Lab,Embedded Systems Intern,26 May 2019
Eswar Sai,Bhallamudi,,Tata Consultancy Services,System Engineer,26 May 2019
Varaprasadh,Alajangi,,Self-employed,Professional Freelancer,25 May 2019
Piyush,Miglani,,E-Cell IIT Roorkee,Manager,25 May 2019
Ajay,David,,Match Point Solutions ,Accounts Payable Manager,25 May 2019
Lakshmi Krishna,Amujuru,,TCS,Software Developer,25 May 2019
HRUDVI RANGANATH,BANDLA,,Accenture,Application Development Associate ,25 May 2019
Srikar,Mutnuri,,Tata Consultancy Services,System Engineer,25 May 2019
Himanshu,Sheoran,,BOSCH AUTOMOTIVE ELECTRONICS INDIA PRIVATE LIMITED,Project Intern,25 May 2019
Tejo Krishna,Nookala,,National Service Scheme,Volunteer,25 May 2019
Dabbara,Siva kumar,,Xtreme Management Solutions,Managing Director,25 May 2019
Jaisimha,Manipatruni,,Google,AI Research and Innovation|TensorFlow Architecture|,25 May 2019
Piyusa Ranjan,Parimanik,,State Street,Associate 2,25 May 2019
Anantapalli,Naveen,,State Street,Associate,25 May 2019
Radhika,Patnaik,,State Street,Associate,25 May 2019
Yashwanth,Saladi,,Tata Consultancy Services,A.S.E,25 May 2019
vishnu,naga praveen,,Microsoft,Associate Consultant 2 - APPS Domain,25 May 2019
venkata suman,yaram,,Microsoft,Senior Software Engineer,25 May 2019
Sai Kumar,Mashetty,,Tata Consultancy Services,Systems Engineer,25 May 2019
pradosh ranjan,panda,,Accenture,Associate Software Engineer,25 May 2019
Godasi,Veerendranath,,Torrent Gas,Management Trainee,24 May 2019
sivaramakrishna,kotra,,Global Publishers,Fiction Writer,24 May 2019
Tangala,Venkateswarlu,,GITAM Institute of Management,"Faculty, Marketing Management at GIMV",24 May 2019
Nagulapalli,Venkata Satya Naveen,,Xceedance,Analyst Programmer L1 ( Full Stack Developer ),24 May 2019
Neha,Duggirala,,Cardlytics,Intern,24 May 2019
Kiran,Kumar,,Tata Consultancy Services Limited,Software Developer,24 May 2019
Nikhilesh,Methuku,,NETSCOUT,Application Developer,24 May 2019
 Dr Uttam,Mande,,SHAMGAR Pvt Ltd,Director (R & D),24 May 2019
Aravind,Tadikonda,,EY,Senior Software Engineer,24 May 2019
Sweety,Kumari,,Cognizant,Business Process Specialist,24 May 2019
Srinath,Ananthula,,Ideaspark Solutions Pvt Ltd,Software Engineer,24 May 2019
,,,,,24 May 2019
Sailal,Goparaju,,T-Mobile,Software Developer ( HCL America Inc ),24 May 2019
Charles,Ivie,,green savant,Owner,24 May 2019
Shankar,Daruga,,Flipkart,SDE 2,24 May 2019
,,,,,23 May 2019
Duvvuri,Lokesh,,Toyo Engineering Corporation,Civil Structural Engineer,23 May 2019
Sumanth Reddy,Thaduru,,Deloitte India (Offices of the US),Advisory solution Associate,23 May 2019
Sai,Rakesh K,,Makro Group,BDE,23 May 2019
Hemanth Kumar,kotika,,Accenture,Associate Software Engineer,23 May 2019
Sunil,Kumar,,AMAZON DEVELOPMENT CENTRE (INDIA) PRIVATE LIMITED,Team Manager,23 May 2019
Rohit,Chinta,,Mu Sigma Inc.,Trainee Decision Scientist,23 May 2019
Akhil,Kannepalli,,"Gandhi Institute of Technology & Management (GITAM) University, Visakhapatnam",Bachelor of Technology,23 May 2019
Rajini,Kanth Mp,,Deloitte India (Offices of the US),Audit Analytics Specialist Senior Assistant,22 May 2019
Modepalli,Surendra,,Amul (GCMMF),Territory Sales Incharge,22 May 2019
Rojina,Thapa,,Tennessee Department of Education,Business Analyst,22 May 2019
Michael,Baldwin,,Anderson Process,Customer Service and Application Engineering Manager,22 May 2019
OMSWARUP,KORADA,,"XTGlobal, Inc.",IT Recruiter,22 May 2019
Amani Deepthi,Matta,,Deloitte,Analyst,22 May 2019
L.JAYA BHUVANA,CHANDRA REDDY,,Electronics Corporation of India Limited (ECIL),Intern,22 May 2019
Sai Teja,Samudrala,,Aditya Birla Retail Limited,operations Internship ,22 May 2019
Pradeep,Kumar,,InEight Inc.,Quality Engineer,22 May 2019
Surendra,Nekkala☺,,"Amzur Technologies, Inc",Snr UI/UX Designer,22 May 2019
Guruprasad,Panda,,Steel Authority of India Limited,Intern,22 May 2019
Arvind,Pathania,,CHECON SHIVALIK CONTACT SOLUTIONS PRIVATE LIMITED,Quality Assurance Engineer,22 May 2019
Rajesh Kumar,Nalla,,Techimax IT Services Pvt Ltd,Managing Director,22 May 2019
Dr Lova ,Baliji,drlova.baliji@gmail.com,"Avanthi Institute of Engineering & Technology,Makavarapalem , Narsipatnam , Pin-531113. (CC-81)",Head Of Department(Management Studies),22 May 2019
Avinash,M,,Yes We Can (a youth run organization),Secretary General,22 May 2019
Akhil Reddy,Patlolla,,Madison Logic,Data  Engineer ,21 May 2019
Gopinath,janapareddy,,MyAnatomy integration pvt ltd,Senior Executive - Corporate Relations,21 May 2019
Dheeraj,P,,GUSAC- GITAM (Deemed to be) University Science and Activity Center,Projects Lead,21 May 2019
Imtiaz Abbas,Kazarani,,uncommon,Product Engineer,21 May 2019
Karthik RamaRaju,Kosuri,,Tech Mahindra,Tech Lead,21 May 2019
Naveen,Babu,,BambinoAgroInduLtd,SalyesAnalyst,21 May 2019
Teja,Karlapudi,,Ascendum Solutions,Android Developer,21 May 2019
sudheer,challa,,,,21 May 2019
Aashrith,Bulusu,,Microsoft,Associate Project Manager,21 May 2019
Vijay,M,,Cybrary,TA,21 May 2019
Murari,Akhila,,Thunderpod,Marketing Intern,21 May 2019
Abhinav,Srungaram,,Symbiosys Technologies,Software Intern,21 May 2019
G,LaxmiNarayana ,,"Anakapalli, Visakhapatnam",Sr.Associate in City Union Bank (CUB),21 May 2019
AKSHAY Reddy,Singadi,,Visa,Sr. Software Engineer in Test,20 May 2019
Vishal,Kumar Rawani,,Muneem Seva,Managing Director,20 May 2019
Davis, R,,Architeca Designers and Builders,HR Manager,20 May 2019
Yogesh,Reddy,,Tata Consultancy Services,Assistant System Engineer,20 May 2019
Sushen,Dang,,CompeteIQ,Competitive Intelligence and Systems Analyst,20 May 2019
Grandhi,Naga Srikanth,,Andhra Pradesh Technology Services (APTS),Vulnerability assessment and pentesting testing,20 May 2019
Arkya,Rakshit,,Self employed,Partner at shiva Chemicals,20 May 2019
Pitcheswara Rao,Gampala,,Invensis,Logistics Executive,20 May 2019
Shuvam,Pattnaik,,Extramarks Education India Pvt. Ltd.,Senior Business Development Manager,20 May 2019
Varshit,Sai,,AMAZON DEVELOPMENT CENTRE (INDIA) PRIVATE LIMITED,Transaction Risk Analyst,20 May 2019
G. S. S.,Pujith,,Paterson Securities Pvt. Ltd,Derivatives Analyst Intern ,20 May 2019
Omar,Ahmad,,Oracle,"Cloud Native OpenSource DevOps Infrastructure Architect, Containers, Kubernetes ",20 May 2019
Sumanth,Shivashankar,,The National Institutes of Health,Senior Digital Data Analyst,19 May 2019
Avinash,Sinha,,,,19 May 2019
Sailesh,Majhi,,IEEE Student Branch ,Secretary - RAS,19 May 2019
Arjun ,Chowdary,,U.S. Bank,Project Manager,19 May 2019
thrinay,potta,,,,19 May 2019
Pinak,Dewanji,,"GDC Technics, LLC",Mechanical Design Engineer,19 May 2019
Aswin,Sudarsanam,,"Medline Industries, Inc.",Supply Chain Analyst,18 May 2019
Vinod K,Bogum,,Nike,SAP MM Consultant,18 May 2019
Tharun Kumar,Kommuri,,iB Hubs,Trainee,18 May 2019
Srikanth,Kundrapu,,ValueLabs,Business Intelligence Analyst,18 May 2019
Mojesh,kumar,,Furi.io,Founder & CEO,18 May 2019
Saketh,Viswanadha,,Mu Sigma Inc.,Trainee Decision Scientist,18 May 2019
Vineeth,Vankara,,India Korea Economic Development Board,Head Of Operations,18 May 2019
Akhil,Kata,,"Gandhi Institute of Technology & Management (GITAM) University, Visakhapatnam",Student,18 May 2019
KISHORE,KISHORE,,SRIGAYATRI IT SOLUTIONS,CHAIRMAN & MANAGING DIRECTOR,18 May 2019
Avinash,Jana,,Deloitte India (Offices of the US),Advisory Analyst,18 May 2019
Harish,Gadde,,Artists Affiliated Pvt Ltd,Co Founder,18 May 2019
Hepsi,Bethala,,ILANDER TECHNOLOGIES PRIVATE LIMITED,SEO Analyst,18 May 2019
Rudy,Pacheco,,Hormel Foods,Production Supervisor,17 May 2019
Ravi,Kiran,,IEEE Student Branch,Chairperson,17 May 2019
Aditya,Chattopadhyay,,"Computer Society of India, GITAM Student Branch",Vice President,17 May 2019
Gladys,Sanchez,,Hope Haven Emergency Shelter ,Case Manager,17 May 2019
P S V,Ramaraju,,JP Nextgen,Business Development Consultant,17 May 2019
Rohith Sai,Katari,,Simplify Healthcare,Business Analyst,17 May 2019
Shruti Vidya,Jituri,,Nitsch Tool Co Inc,Data Analyst Intern - Remote,16 May 2019
Sameer Teja,Dasari,,AMAZON DEVELOPMENT CENTRE (INDIA) PRIVATE LIMITED,Trained on Brand Registry skill,16 May 2019
Chetan,Mediboyina,,Deloitte India (Offices of the US),Solution Delivery Analyst,16 May 2019
Nanda,Kishore,,Vertex,Informatica MDM Consultant,16 May 2019
Taraneenadh,Bammidi,,Deloitte India (Offices of the US),solution delivery analyst,16 May 2019
Anandan,G,,Northern Illinois University,Research Assistant,15 May 2019
Durga Prasad,Palacharla,,Hewlett Packard Enterprise,network administrator,15 May 2019
Yashoda Krishna Srinivas ,Bokam,,Mom's Paradise,"Co-Founder, Head of Operations ",15 May 2019
Krishna chaitanya,Achukatla,,Eximius Design,Analog Design Engineer,15 May 2019
Abhiram,Kandiyana,,GITAM University,Student,15 May 2019
Dhanush,Kumar,,Compileinfy Technology Solutions,Data Analyst,15 May 2019
Pradeep,Kale,,MEHR Business Solutions,System Administrator and IT Recruitment Consultant,15 May 2019
Ankita,Singh,,Google,Digital Marketing Strategist,15 May 2019
kasimdevi,Hemanth,,,,15 May 2019
 Sri Ananya,Kondiparthy,,Lam Research,Practicum Student,15 May 2019
Spandana,Kadiyala,,Zifo RnD Solutions,Scientific Application Analyst,15 May 2019
Rahul,Nagireddi,,Pixel Avenir,Business & Software Developer,15 May 2019
Yogada,Kancharla,,HEXstream,Business Intelligence | Data Warehousing | Advanced Analytics,15 May 2019
Chiranjeevi,Yarabolu,,Tata Consultancy Services,System Engineer,14 May 2019
Kalyan,Naidu,,GITAM University,Education,14 May 2019
Sahith Reddy,Dropathi,,FINRA,DevOps Engineer,14 May 2019
Rathnakumar,Udayakumar,,IBM,Product Manager,13 May 2019
Meghana,Meghana,,AIG,Talent Acquisition Specialist,13 May 2019
Gottemukkala V A P,Vamsi Varma,,Accenture,Application Developer,13 May 2019
Pedakolimi,Harish,,GITAM University,student,13 May 2019
Bharath,Mukka,bharathmukka96@gmail.com,Tata Consultancy Services,Associate System Engineer - Cyber Security Practice,13 May 2019
Chakradhar,Mattapalli,,GITAM University,Student,13 May 2019
S,T,,,,12 May 2019
SAI RAM,KOSURI,,,,12 May 2019
Abhishek,Chintalapati,,Tata Consultancy Services,Assistant System Engineer,12 May 2019
Ghana,Shyam,,"Gandhi Institute of Technology & Management (GITAM) University, Visakhapatnam",Admissions Officer (Marketing),12 May 2019
Abhishek,Vanamala,,University of Houston,Research Assistant,12 May 2019
Raviteja,Bandaru,,Infosys,Technology Analyst,12 May 2019
Harsha ,Challa,,Intel Corporation,SOC Design Engineer intern,11 May 2019
Ladi Sandeep,Kumar,,"Gandhi Institute of Technology & Management (GITAM) University, Visakhapatnam",Assistant Professor,11 May 2019
Bharath,Reddy Bora,,Government of Andhra Pradesh,Project Intern,11 May 2019
Gudipudi Krishna,Sharma,,Invest India,Investment Specialist,11 May 2019
Revanth S,Pasupuleti,,Coraf Tech LLP,Managing Partner,11 May 2019
Sharon,Thomas,,Amdocs,Sw Test Engineer,11 May 2019
Gayatri,Koka,,Northern Illinois University,Graduate Teaching Assistant,10 May 2019
N Mohan,Vital,,RAAM Group,Head of Customer Relationship Management,10 May 2019
kartheek,janapati,,Tata Consultancy Services,Assistant System Engineer,10 May 2019
Pragna,Bodipudi,,Northern Illinois University,Graduate Teaching Assistant,10 May 2019
vaibhav,ganipi,,Tata Consultancy Services,Developer,10 May 2019
Sai,Anurag,,Amazon,Senior Associate (Technical Account Manager),10 May 2019
Monika,Mukherjee,,Shell,Senior Trade Compliance Specialist,10 May 2019
Mohammad,Hafeez,,Franklin Templeton,Associate Data Analyst,10 May 2019
Dipen Kumar,Nayak,,,,10 May 2019
Sunny,Sharma,,Charter Communications,Python Developer,10 May 2019
Chris,Tran,,Mauser,Engineering / Maintenance Manager,10 May 2019
Surya,narayana,,De Haagse Hogeschool / The Hague University of Applied Sciences,faculty council member,10 May 2019
Siddharth,Shah,,Spectrum,Data Engineer,10 May 2019
Prema Krishna,Gadde,,HALO Branded Solutions,Operations Business Intelligence Analyst,10 May 2019
Kartheek,Thangella,,Capgemini,Consultant,10 May 2019
Naga Satish Krishna Reddy,Nallamilli,,Cerner Corporation,Software Engineer,10 May 2019
Vamsi,Chunduri,,Coyote Logistics,Software Engineer,10 May 2019
Abhigna,Pavani,,Deloitte India (Offices of the US),Solution Delivery Associate,09 May 2019
Pranav,Dhulipala,,Microsoft,Software Development Engineer ,09 May 2019
Surya Prakash Reddy,Pylla.,,.,.,08 May 2019
Suresh,Yaram,,DXC Technology,Information Architect,08 May 2019
Shubham,Choudhary,,Phenom People,DevOps Engineer,08 May 2019
Piyush Kumar,Korlepara,,NCR Corporation,Software Engineer,08 May 2019
Shiben,Sheth,,Simplify Healthcare,Business Analyst,08 May 2019
Yelesh,Sayala,,Our Food ,Territory Manager,07 May 2019
Kartheek,Chintalapati,,"K-Rise Systems, Inc.",Application Developer,07 May 2019
Venkatesh,Tamminaina,,,,07 May 2019
Manoj,Jain,,National Software Management,US IT OPT Recruiter,06 May 2019
Karthik Reddy,Modugula,,Federal Bank,Branch Banking,06 May 2019
Khiree,Cross,,Alpha Phi Alpha Fraternity,Vice President ,06 May 2019
Pranay,Metta,,"Fountane, LLC ",Head of Community,06 May 2019
Simhadri,Dhanishta,,Vedanta Resources Plc,As an inter,06 May 2019
Gontla ,Praveen ,,Fractal Analytics,Intern,03 May 2019
Ananta Ravi Teja,Vemaraju,,"Power Packaging, A DHL Company",Corporate Industrial Engineer,03 May 2019
Shifali,Dumpala,,Aspire Systems,Executive Research Analyst,03 May 2019
Nori,Vinay,,State Street,Regulatory Reporting - AxiomSL Developer ,03 May 2019
Riya,Vidhani,,"Malwa Institute of Science and Technology, Indore",Sr. Lecturer,03 May 2019
Praveen Kumar ,L,kumar.praveenreddy529@gmail.com,Almug Technologies Pvt Ltd,Software Engineer,03 May 2019
Satish Kumar,Kovuru,,TransUnion,Software Automation Engineer,03 May 2019
Karthik,Keshapally,,OneSource Virtual,Workday Integration Consultant,02 May 2019
Aishwarya,Saswade,,Northern Illinois University,Graduate Teaching Assistant,02 May 2019
Aniket,Prabhu,,Abiomed,Quality Engineer Co-op,02 May 2019
Aravind,Muvva,,Caterpillar Inc.,Software Developer,01 May 2019
Sudha,Govindaraju,,"IRISS, Inc.",C# Programmer,01 May 2019
Mamatha,S,,Vahisystems,Representative,01 May 2019
Olu,Banjoko,,UM Wireless,Business Systems Analyst,01 May 2019
 -,.,,,,01 May 2019
Jagruti,Satti,,Fresenius Medical Care North America,Sr. Quality Engineer ,01 May 2019
Abdul Rehman,Shaik,,Jabil,Manufacturing Engineer I,01 May 2019
Siddhartha,Arja,,Amazon,Quality Assurance Engineer,01 May 2019
Manikanta Kumar,Chekuri,,Plan International USA,Web Developer,01 May 2019
Mohan Babu,Chandrasekhar,,Amazon,Business Intelligence & Analytics Engineer II,01 May 2019
Varun,Selvakumar,,TivonaGlobal Technologies,Full stack developer,30 Apr 2019
Pra Neeth,K,,AIG,Power BI Developer,30 Apr 2019
Aiyushi,Gandhi,,Accenture,Assistant Software Engineer,30 Apr 2019
SaiKaavya,Anupindi,,Northern Illinois University,Service Desk Analyst,30 Apr 2019
Arun,v,,Harvard Pilgrim Health Care,Java Web Developer,29 Apr 2019
Experiential,Learning Center,,Northern Illinois University Experiential Learning Center,Project Coordination,29 Apr 2019
Narasimha,"Prasath,  CLSSGB",,Entrega,Application Developer,29 Apr 2019
Harshith,Desamsetti,,MedAllies,Software Developer,29 Apr 2019
SIVAKAMI,KUMAR RAJALAKSHMI,,Northern Illinois University,Data Analyst Graduate Assistant,28 Apr 2019
Sampada,Manjrekar,,Northern Illinois University,Graduate Teaching Assistant,27 Apr 2019
Vijay Reddy,Yeruva,,ORBCOMM,DBA Manager,27 Apr 2019
,,,,,27 Apr 2019
Di'Quan,Ishmon,,Northern Illinois University,Research Assistant,27 Apr 2019
Theresa,Li,,Northern Illinois University,NIU STEM Outreach Student Worker,26 Apr 2019
Jodi,Gruhn,,Titus Talent Strategies,"Director, Talent Acquisition",26 Apr 2019
SathyaNarayanan,Srinivasan,,IBM,Data Scientist,25 Apr 2019
Mohammed Taha,Faridi,,Northern Illinois University,Full Stack Developer - ISBE (Graduate Research Assistant),24 Apr 2019
Gary M.,"Baker, Ph.D.",,Northern Illinois University,Faculty Emeritus,24 Apr 2019
Randall,Barnes,,Northern Illinois University,ACCESS/PAL Center Supervisor,24 Apr 2019
Jorge,D. Jemison,,Rockwell Automation,Global Manufacturing Engineer Intern - ETO operations,24 Apr 2019
Ramya,Rednam,,The ThickShake Factory,Marketing Manager,24 Apr 2019
pravalika,p,,Palni Inc,Salesforce Developer,24 Apr 2019
Venkat,Teja,,Accenture,Senior Software Engineer,24 Apr 2019
Leela Krishna Vasista,Gutta,,Illinois Interactive Report Card,Graduate Research Assistant,23 Apr 2019
Nithin Reddy,Loka,,KPMG Australia,KPMG DATA Analaytical Virtual Internship,23 Apr 2019
Mrinal,Roy,,Coyote Logistics,Software Engineer,23 Apr 2019
kausalyananda vardha,tirumalapallerlamudi,,"Experiential Learning Center, Northern Illinois University",Consultant,23 Apr 2019
Raul,R,,AT&T,Software Engineer,23 Apr 2019
Pratik,Didwania,,Simplify Healthcare,Business Analyst 2 / Solutions Engineer 2,22 Apr 2019
Pankaj,Parashar,,CGH Medical Center,Process Improvement Consultant,22 Apr 2019
Mihir,Patel,,,Consultant,22 Apr 2019
Eshwar,Ch,,"Innovative Information Technologies, Inc.",Senior Talent Acquisition Specialist / Developer,22 Apr 2019
Sivalingam,Sundararaj Shanthi,,Fortira Inc.,Programming Analyst,21 Apr 2019
 Sai ,Akhil,,Family Shelter Service of Metropolitan Family Services DuPage,IT/ Data Analyst Consultant,21 Apr 2019
Raga,Susmitha,,Northern Illinois University,Graduate Teaching Assistant,21 Apr 2019
Dishant,Ratnam,,Vistex,SAP Consultant,21 Apr 2019
Vignesh Moorthy,Venkateswaran,,Northern Illinois University,Graduate Teaching Assistant,21 Apr 2019
Praveen Chander,Ramesh,,Deloitte,Information Technology Operations Analyst,21 Apr 2019
NAVEEN,KRISHNAMOORTHY,,Credit One Bank,Data Analyst II,21 Apr 2019
Saroj,Bodepudi,,Northern Illinois University,Graduate Assistant,20 Apr 2019
Aleen Mary,Kuruvilla,,Beta Alpha Psi,Communications Director - Gamma Pi Chapter,20 Apr 2019
Nikitha,Muddapuram,,Apple,Engineering Program Specialist,19 Apr 2019
Sneha,Ravi Chandran,,Credit One Bank,Risk Intern,19 Apr 2019
Sai Vamsee Krishna,Pinapaka,,Infosys,Technology Analyst,19 Apr 2019
Sravan,kumar,,Google,Software Engineer,19 Apr 2019
Naveen,Shivappa ,,Capital One,Data Analyst,19 Apr 2019
Abhinav,Katta,,Tata Consultancy Services,Assistant System Engineer,19 Apr 2019
Abhishek,Korlekar,,Intralinks,Software Engineer,18 Apr 2019
Krishnasree,Mukkavilli,,Tata Consultancy Services,Software Engineer,18 Apr 2019
Gopica Sahiti,Damineni,,Northern Illinois University,Graduate Teaching Assistant,18 Apr 2019
Dhana Lakshmi,Chinta,,EY,Application Security Analyst,18 Apr 2019
madhav,vengalil,,Northern Illinois University,Graduate Research Assistant,18 Apr 2019
Arun,Samala,,Agile Enterprise Solutions Inc,Business Development Manager,18 Apr 2019
Pruthvi,Sambu,,Martin One Source,Web Developer,18 Apr 2019
Maliha,Moin,,"Blue Cross and Blue Shield of Illinois, Montana, New Mexico, Oklahoma & Texas",Java Application Developer-Production support,18 Apr 2019
"Shaniel ""Omar""",Rivas Verdejo,,Self-employed,Independent Contractor,18 Apr 2019
Daniel,Shellstrom,,Raytheon,Software Engineer,17 Apr 2019
Mayank,Agarwal,,Essendant,Software Engineer Intern,17 Apr 2019
Nagaraj (Sriman),.,,STOICSIT LLC,Talent Acquisition Lead,17 Apr 2019
Yokesh,Srihari,,Blusurge Technologies,QA Test Engineer/ Automation Engineer ,17 Apr 2019
Tarun Tejus,Gandham,,sellbackyourBook.com,Industrial Engineer,17 Apr 2019
Mike,"Rackauskas, MAS",,The Middleby Corporation,Senior Data Analyst,17 Apr 2019
Rahul,Marupaka,,Cardinal Path,Staff Implementation Consultant,17 Apr 2019
Raj,Mekala,,Colaberry ( Client : Duke Energy),Data Scientist,17 Apr 2019
Sravya,Perni,,Tata Consultancy Services,Software Engineer,17 Apr 2019
Bindushree,Ramakrishna,,Saggezza,Associate Software Developer(II),16 Apr 2019
Sisir Kalyan ,Sivakoti ,,sellbackyourBook.com,Industrial Engineering Intern,16 Apr 2019
Uttamreddy,Yachavarapu,,Republic Services,Informatica MDM Developer,16 Apr 2019
Ameya,Sawant,,Xento Systems Pvt. Ltd.,QA Engineer,16 Apr 2019
Manoj,Veluru,,"Miracle Software Systems, Inc",Software Engineer,16 Apr 2019
Hemanth,Devabhaktuni,,Tata Consultancy Services,Software Engineer,16 Apr 2019
Vijayaram,Tadala,,Tata Consultancy Services,IT Analyst,15 Apr 2019
chaithanya krishna,gogineni,,Walmart,Software Engineer,15 Apr 2019
Laura,N,niha.indus@gmail.com,I,OPT Recruiter ,15 Apr 2019
Venu Madhav,Maddala,,KDM Engineering,Electrical Engineer,14 Apr 2019
Hari,Karri,,Datakwip,Full Stack Software Developer,14 Apr 2019
Subhramanya S Raju,Chodraju,,Adient,Manufacturing Engineer,14 Apr 2019
Ramesh Naidu,Terle,,Wavelabs Technologies,Software Engineer,14 Apr 2019
Devineni,Srinivas,,BEPEC Solutions,Data Analyst,14 Apr 2019
Harish,Gembali,,,,14 Apr 2019
Ram,Gudavalli,,SLS Solutions ,Director,14 Apr 2019
Balu,Yalla,,,,14 Apr 2019
Hamed,Alhoori,,Northern Illinois University,Assistant Professor,14 Apr 2019
Mohammad,Khan,,Discover Financial Services,Software Developer,13 Apr 2019
manohar reddy,chintala,,TQuanta Technologies Pvt Ltd,Recruiter,13 Apr 2019
Sai Harini,Perugupalli,,SEI,Business Analyst ,13 Apr 2019
Abhinav,Degala,,Zumen Inc,Full Stack Developer,10 Apr 2019
Eli,Brottman,,"Grainger Engineering Library, University of Illinois at Urbana-Champaign",Student Assistant,10 Apr 2019
Charmaine,"Pocek, PhDc, MS, CPRW, CEIP, ACRW, PRC",,My Improved Resume www.myimprovedresume.com,"Triple-Certified Resume Writer/LinkedIn Expert,  Career Consultant: 713-208-3459",02 Apr 2019
VASUDEVA CHETTY,Pakala,,VASU CARDIAC CARE,Managing Director,12 Feb 2019
Nikesh Kumar ,S,,Confluent,Software Engineer,12 Feb 2019
Mayur,Sai,,,,11 Jan 2019
Preethi,Suresh,,Visa and Immigration Consultant (GG),Business Development Manager,16 Oct 2018
harika,thallam,,AVEVA,Software Engineer,16 Oct 2018
manoj,duggireddy,,,,16 Oct 2018
sai pradeep,kota,,IIT MADRAS,Internship - In Non-Destructive Testing,16 Oct 2018
Harsha,Vardhan,,Covalsysoft Solutions Pvt Ltd,SAP Functional Consultant,16 Oct 2018
Lasya,Kalidindi,,Hindustan Petroleum Corporation Limited,Project Intern,16 Oct 2018
Godwin Richard,Thomas,,ActivTrak,Backend Software Developer,16 Oct 2018
Uday,Tej,,GITAM University,CSE,18 Jul 2018
Vishnu,Rainigari,,"Clover Network, Inc.",Senior Android Developer,18 Jul 2018
chandu,nannapaneni,,,,18 Jul 2018
sai kiran reddy,satti,,,,09 Jul 2018
Prashanth,K,,Conduent,Senior UI Developer,02 Jul 2018
Anshul,Sharma,,Deloitte India (Offices of the US),Business Technology Analyst,02 Jul 2018
Srinivas,Rao,,Invotech,CEO,02 Jul 2018
Trivikram,Boppana,,Accenture,Application Development Analyst,02 Jul 2018
Aditya,Tarigopula,,Deakin University,Teaching Assistant,02 Jul 2018
Kareem,Fayssa,,"TMC, a division of C.H. Robinson",Project Manager ,02 Jul 2018
Destiny,Kuczak,,Workbridge Associates,Practice Manager,02 Jul 2018
itsme,rajani,,Capital First Limited,Area Business Manager,02 Jul 2018
Ravi Teja,Chandaluru,,Amazon,Executive Customer Relations,24 Apr 2018
Pavan,Kantamsetti,,Kairos Technologies,AWS Certified Developer Associate,24 Apr 2018
Brooklyn,Review,,Best GRE/GMAT/IELTS/TOEFL/SAT Coaching Center,Best GRE Coaching Centre in Hyderabad,12 Apr 2018
VISHNU VARDHAN REDDY,MEDAPATI,,Accenture,Associate Software Engineer,22 Mar 2018
Rajnish,Kumar,,Accenture,Desktop Support Engineer,10 Mar 2018
Pavani,Pothukuchi,,ADTRAN,Junior Engineer,04 Mar 2018
Subbarao,Sanka,,Model N,Consultant,28 Feb 2018
Sivaram,Kallepalle,,Tata Consultancy Services,Assistant System Engineer,23 Feb 2018
Krishna Harendra,Maradapu,,Amazon,Software Development Engineer,19 Feb 2018
yaram,srinivasa rao,,,,15 Feb 2018
Sai Aditya,Marisarla,,Asian Paints,Manager-Planning & Standardisation,15 Feb 2018
Elizabeth A.,"Wilkins, Ph.D.",,Northern Illinois University,Professor and Co-Coordinator of Graduate Career & Professional Development,13 Feb 2018
Mythili,Ananthula,,Argonne National Laboratory,Researcher,12 Feb 2018
Bhavana,Ramarapu,,Walmart,Jr. Software Engineer,12 Feb 2018
Sandeep Kumar,Lukalapu,,Cognizant, Process specialist,12 Feb 2018
yasaswini,kancherla,,Capgemini,Senior Software Engineer,12 Feb 2018
ravi,kiran,,Wipro BPS,Fraud Analyst Associate,12 Feb 2018
Akshargyan,Learning Solutions,,Akshargyan Learning Solutions Pvt.Ltd,Managing Director,12 Feb 2018
harsha,vardhan,,,,12 Feb 2018
sandeep,ganni,,Tata Consultancy Services,Assitant system engineer,24 Jan 2018
Avinash,Avi,,,,20 Nov 2017
N S Prudhvi Kumar,Manne,,,,14 Nov 2017
Srinivasa Reddy,Matta,,,,14 Nov 2017
Shahrukh,Shaik,,MarCquest,Head - Events and Workshops,06 Nov 2017
Rakesh,Madduri,,Accenture,Software Analyst,04 Nov 2017
Akella,Chandrakanth,,Amazon,Associate,28 Oct 2017
Akhil,Pandey,,Northern Illinois University,Graduate Research Assistant,28 Oct 2017
Hema Vamsi Nikhil,Katakam,,Tata Consultancy Services,Assistant System Engineer,27 Oct 2017
Sravan,Suhas,,Loop Reality,Software Engineer,27 Oct 2017
Mourya Teja,Kunuku,,UST Global,Senior Software Engineer,27 Oct 2017