Source,FirstName,LastName,Companies,Title,Emails,PhoneNumbers,CreatedAt,Addresses,Sites,InstantMessageHandles,FullName,Birthday,Location,BookmarkedAt,Profiles
GOOGLE_CONTACTS,Padma,Neigh,null,,, +1 408-664-8904,"10/27/17, 12:58 AM",,,,,,,,
GOOGLE_CONTACTS,Usha,Thyagarajan,null,,Ushathyagarajan@ssciglobal.in,,"10/27/17, 12:58 AM",,,,,,,,
GOOGLE_CONTACTS,Ravi,Git,null,,,92484 66999,"10/27/17, 12:58 AM",,,,,,,,
GOOGLE_CONTACTS,Ks,Chandu,null,,,949-453-0278,"10/27/17, 12:58 AM",,,,,,,,
GOOGLE_CONTACTS,Distress,Number,null,,,112,"10/27/17, 12:58 AM",,,,,,,,
GOOGLE_CONTACTS,ks,rahul,null,,,"944-077-0088, 944-077-0088","10/27/17, 12:58 AM",,,,,,,,
GOOGLE_CONTACTS,Dr,Damodara,null,,damodara.rk@gmail.com,,"10/27/17, 12:58 AM",,,,,,,,
GOOGLE_CONTACTS,,,null,,GRESupport4India@ets.org,,"10/27/17, 12:58 AM",,,,,,,,
GOOGLE_CONTACTS,T,RAO,null,,tsrgitam@gmail.com,,"10/27/17, 12:58 AM",,,,,,,,
GOOGLE_CONTACTS,Mobile,Radio,null,,,5234 5,"10/27/17, 12:58 AM",,,,,,,,
GOOGLE_CONTACTS,Ks,Kc2,null,,,916-028-9789,"10/27/17, 12:58 AM",,,,,,,,
GOOGLE_CONTACTS,,,null,,gannisandeep399@gmail.com,,"10/27/17, 12:58 AM",,,,,,,,
GOOGLE_CONTACTS,ks,git,null,,,"9652439779, 965-243-9779","10/27/17, 12:58 AM",,,,,,,,
GOOGLE_CONTACTS,Rahul,Nani,null,,rahultadavarthy@gmail.com,,"10/27/17, 12:58 AM",,,,,,,,
GOOGLE_CONTACTS,,,null,,sayalahemanthkumar@gmail.com,,"10/27/17, 12:58 AM",,,,,,,,
GOOGLE_CONTACTS,Send,Adhar,null,,,94 49 537715,"10/27/17, 12:58 AM",,,,,,,,
GOOGLE_CONTACTS,,Prathyusha,null,,, +918886192255,"10/27/17, 12:58 AM",,,,,,,,
GOOGLE_CONTACTS,,,null,,vishnu.rainigari@gmail.com,,"10/27/17, 12:58 AM",,,,,,,,
GOOGLE_CONTACTS,,,null,,vamsikoppuladark@gmail.com,,"10/27/17, 12:58 AM",,,,,,,,
GOOGLE_CONTACTS,YU,Support,null,,support@yuplaygod.com,,"10/27/17, 12:58 AM",,,,,,,,
GOOGLE_CONTACTS,ks,sundeep,null,,,"‪+91 81437 72559‬, 949-037-0472, 949-037-0472","10/27/17, 12:58 AM",,,,,,,,
GOOGLE_CONTACTS,,,null,,sryaram@gmail.com,,"10/27/17, 12:58 AM",,,,,,,,
GOOGLE_CONTACTS,,,null,,Reddysaikiran904@gmail.com,,"10/27/17, 12:58 AM",,,,,,,,
GOOGLE_CONTACTS,Ks,Suhas,null,,, +919494913348,"10/27/17, 12:58 AM",,,,,,,,
GOOGLE_CONTACTS,Ks,Class,null,,,"889-725-9140, 889-725-9140","10/27/17, 12:58 AM",,,,,,,,
GOOGLE_CONTACTS,,,null,,gitamb6cse@gmail.com,,"10/27/17, 12:58 AM",,,,,,,,
GOOGLE_CONTACTS,Live,Astro,null,,,5531 5,"10/27/17, 12:58 AM",,,,,,,,
GOOGLE_CONTACTS,ks,ujjwal,null,,, +91 98 66 407696,"10/27/17, 12:58 AM",,,,,,,,
GOOGLE_CONTACTS,Mayur,Jio,null,,, +918919906462,"10/27/17, 12:58 AM",,,,,,,,
GOOGLE_CONTACTS,,,null,,sryaram@yahoo.in,,"10/27/17, 12:58 AM",,,,,,,,
GOOGLE_CONTACTS,Kranthi,Sriram,null,,, +91 81429 72880,"10/27/17, 12:58 AM",,,,,,,,
GOOGLE_CONTACTS,,Magoosh,null,,help@magoosh.com,,"10/27/17, 12:58 AM",,,,,,,,
GOOGLE_CONTACTS,Santhosh,Raj,null,,attitudeprinz005@gmail.com,,"10/27/17, 12:58 AM",,,,,,,,
GOOGLE_CONTACTS,,sabareesh786@gmail.com,null,,sabareesh786@gmail.com,,"10/27/17, 12:58 AM",,,,,,,,
GOOGLE_CONTACTS,Cats,Dept,null,,,0891 284 0297,"10/27/17, 12:58 AM",,,,,,,,
GOOGLE_CONTACTS,Ks,Nishanth,null,,," +919949354787, +91 7013 657 600","10/27/17, 12:58 AM",,,,,,,,
GOOGLE_CONTACTS,,,null,,picture@prxmusic.com,,"10/27/17, 12:58 AM",,,,,,,,
GOOGLE_CONTACTS,Ks,Saikiran,null,,,949-395-3171,"10/27/17, 12:58 AM",,,,,,,,
GOOGLE_CONTACTS,Ks,Deva,null,,, +919705336699,"10/27/17, 12:58 AM",,,,,,,,
GOOGLE_CONTACTS,,,null,,vijrapu.sriram970@gmail.com,,"10/27/17, 12:58 AM",,,,,,,,
GOOGLE_CONTACTS,Ks,Git,null,,," +918331883949, +918331883949","10/27/17, 12:58 AM",,,,,,,,
GOOGLE_CONTACTS,ks,band,null,,," +918497988155, +918497988155","10/27/17, 12:58 AM",,,,,,,,
GOOGLE_CONTACTS,China,Unc,null,,,93921 58381,"10/27/17, 12:58 AM",,,,,,,,
GOOGLE_CONTACTS,,Harindra,null,,, +919573544566,"10/27/17, 12:58 AM",,,,,,,,
GOOGLE_CONTACTS,ks,1,null,,,"889-750-8810, 889-750-8810","10/27/17, 12:58 AM",,,,,,,,
GOOGLE_CONTACTS,,,null,,admissions@cs.iupui.edu,,"10/27/17, 12:58 AM",,,,,,,,
GOOGLE_CONTACTS,Avinash,Patnala,null,,, +91 95814 81843,"10/27/17, 12:58 AM",,,,,,,,
GOOGLE_CONTACTS,,,null,,tpogit@gitam.edu,,"10/27/17, 12:58 AM",,,,,,,,
GOOGLE_CONTACTS,,,null,,satyamch7@gmail.com,,"10/27/17, 12:58 AM",,,,,,,,
GOOGLE_CONTACTS,,Mayur,null,,,"097-056-03178, 097-056-03178","10/27/17, 12:58 AM",,,,,,,,
GOOGLE_CONTACTS,ks,clg,null,,,"770-222-6001, 770-222-6001","10/27/17, 12:58 AM",,,,,,,,
GOOGLE_CONTACTS,,,null,,manojkumarreddy95@gmail.com,,"10/27/17, 12:58 AM",,,,,,,,
GOOGLE_CONTACTS,s,subbu,null,,ssubbu6796@gmail.com,,"10/27/17, 12:58 AM",,,,,,,,
GOOGLE_CONTACTS,Ks,Cls,null,,, +918019442348,"10/27/17, 12:58 AM",,,,,,,,
GOOGLE_CONTACTS,ks,manohar,null,,, +91 81212 67299,"10/27/17, 12:58 AM",,,,,,,,
GOOGLE_CONTACTS,Bhuppthi,Prasad,null,,, +91 94 90 890966,"10/27/17, 12:58 AM",,,,,,,,
GOOGLE_CONTACTS,Ks,Sabaresh1,null,,, +917659990390,"10/27/17, 12:58 AM",,,,,,,,
GOOGLE_CONTACTS,CS,Info,null,,gradinfo@cs.siu.edu,,"10/27/17, 12:58 AM",,,,,,,,
GOOGLE_CONTACTS,,,null,,m.srinivasareddy9571@gmail.com,,"10/27/17, 12:58 AM",,,,,,,,
GOOGLE_CONTACTS,Nanda,b6,null,,, +91 79935 00924,"10/27/17, 12:58 AM",,,,,,,,
GOOGLE_CONTACTS,Anshul,B6,null,,, +91 88 86 195726,"10/27/17, 12:58 AM",,,,,,,,
GOOGLE_CONTACTS,Ks,B4,null,,, +919676971971,"10/27/17, 12:58 AM",,,,,,,,
GOOGLE_CONTACTS,,,null,,jaswanthavi123@gmail.com,,"10/27/17, 12:58 AM",,,,,,,,
GOOGLE_CONTACTS,,,null,,akella.ck@gmail.com,,"10/27/17, 12:58 AM",,,,,,,,
GOOGLE_CONTACTS,,Internationalgrads,null,,Internationalgrads@niu.edu,,"10/27/17, 12:58 AM",,,,,,,,
GOOGLE_CONTACTS,Ks,Allah,null,,,964-245-0525,"10/27/17, 12:58 AM",,,,,,,,
GOOGLE_CONTACTS,,,null,,wififixer.brilliapps@gmail.com,,"10/27/17, 12:58 AM",,,,,,,,
GOOGLE_CONTACTS,Vinay,Jnr,null,,,98854 07999,"10/27/17, 12:58 AM",,,,,,,,
GOOGLE_CONTACTS,,,null,,vikasboddu30@gmail.com,,"10/27/17, 12:58 AM",,,,,,,,
GOOGLE_CONTACTS,CC,RAMANA,null,,,"093-947-54859, 093-947-54859","10/27/17, 12:58 AM",,,,,,,,
GOOGLE_CONTACTS,Sunandha,Pinni,null,,,919-986-650998,"10/27/17, 12:58 AM",,,,,,,,
GOOGLE_CONTACTS,,,null,,121@in.airtel.com,,"10/27/17, 12:58 AM",,,,,,,,
GOOGLE_CONTACTS,,,null,,kgreddy220@gmail.com,,"10/27/17, 12:58 AM",,,,,,,,
GOOGLE_CONTACTS,,PRATYUSHA,null,,, +917799292409,"10/27/17, 12:58 AM",,,,,,,,
GOOGLE_CONTACTS,Nmk,Sir,null,,, +91 90 00 127789,"10/27/17, 12:58 AM",,,,,,,,
GOOGLE_CONTACTS,AYK,ANDHRA,null,,,"099-599-99436, 099-599-99436","10/27/17, 12:58 AM",,,,,,,,
GOOGLE_CONTACTS,sanketh,kumar,null,,SANKETHKUMAR1995@gmail.com,,"10/27/17, 12:58 AM",,,,,,,,
GOOGLE_CONTACTS,Satish,Ananthapur,null,,, +91 90 00 190523,"10/27/17, 12:58 AM",,,,,,,,
GOOGLE_CONTACTS,,Jaswanth,null,,,96422 10864,"10/27/17, 12:58 AM",,,,,,,,
GOOGLE_CONTACTS,Ks,Vishwas,null,,, +918019190056,"10/27/17, 12:58 AM",,,,,,,,
GOOGLE_CONTACTS,,Shifali,null,,," +919618879031, +91 96188 79031","10/27/17, 12:58 AM",,,,,,,,
GOOGLE_CONTACTS,,,null,,kudaytejab@gmail.com,,"10/27/17, 12:58 AM",,,,,,,,
GOOGLE_CONTACTS,George,Mathew,null,,brooklynreview1@gmail.com,,"10/27/17, 12:58 AM",,,,,,,,
GOOGLE_CONTACTS,Prasanth,@A1,null,,,"898-502-0919, 8985020919","10/27/17, 12:58 AM",,,,,,,,
GOOGLE_CONTACTS,Kiran,karnatak,null,,,"094-492-68999, 094-492-68999","10/27/17, 12:58 AM",,,,,,,,
GOOGLE_CONTACTS,Ks,Surya,null,,,967-687-9100,"10/27/17, 12:58 AM",,,,,,,,
GOOGLE_CONTACTS,Ks,Cls,null,,, +918106962133,"10/27/17, 12:58 AM",,,,,,,,
GOOGLE_CONTACTS,General,Training),null,,support@hpesindia.com,,"10/27/17, 12:58 AM",,,,,,,,
GOOGLE_CONTACTS,Amar,Jnr,null,,, +91 84999 36610,"10/27/17, 12:58 AM",,,,,,,,
GOOGLE_CONTACTS,ks,raj,null,,,800-828-3333,"10/27/17, 12:58 AM",,,,,,,,
GOOGLE_CONTACTS,,Subbalakshmi,null,,, +919440069041,"10/27/17, 12:58 AM",,,,,,,,
GOOGLE_CONTACTS,,mom,null,,," +919246154895, +919246154895","10/27/17, 12:58 AM",,,,,,,,
GOOGLE_CONTACTS,dad,office,null,,,"094-901-53075, +918331883949*7, 094-901-53075","10/27/17, 12:58 AM",,,,,,,,
GOOGLE_CONTACTS,ks,manikanta,null,,," +919948621970, +919948621970","10/27/17, 12:58 AM",,,,,,,,
GOOGLE_CONTACTS,Kiran,School,null,,,81 06 036994,"10/27/17, 12:58 AM",,,,,,,,
GOOGLE_CONTACTS,,,null,,b6farewell2017@gmail.com,,"10/27/17, 12:58 AM",,,,,,,,
GOOGLE_CONTACTS,,,null,,sree.boopathy@uta.edu,,"10/27/17, 12:58 AM",,,,,,,,
GOOGLE_CONTACTS,,,null,,mouryaat9@gmail.com,,"10/27/17, 12:58 AM",,,,,,,,
GOOGLE_CONTACTS,Ks,Gowtham,null,,, +919966442283,"10/27/17, 12:58 AM",,,,,,,,
GOOGLE_CONTACTS,sandeep,varma,null,,sandeepvarma16@gmail.com,,"10/27/17, 12:58 AM",,,,,,,,
GOOGLE_CONTACTS,,,null,,Tpo.Git@gmail.com,,"10/27/17, 12:58 AM",,,,,,,,
GOOGLE_CONTACTS,Ks,Mourya,null,,, +917207530555,"10/27/17, 12:58 AM",,,,,,,,
GOOGLE_CONTACTS,,SUBHASH,null,,,"077-992-99123, 077-992-99123","10/27/17, 12:58 AM",,,,,,,,
GOOGLE_CONTACTS,,Srujan,null,,,99899 47050,"10/27/17, 12:58 AM",,,,,,,,
GOOGLE_CONTACTS,,,null,,masongrad@gmu.edu,,"10/27/17, 12:58 AM",,,,,,,,
GOOGLE_CONTACTS,Hemanth,B6,null,,, +91 96 03 140422,"10/27/17, 12:58 AM",,,,,,,,
GOOGLE_CONTACTS,Ks,sc,null,,,"903-033-9663, 90 30 339663","10/27/17, 12:58 AM",,,,,,,,
GOOGLE_CONTACTS,d,cor,null,,,789-319-0390,"10/27/17, 12:58 AM",,,,,,,,
GOOGLE_CONTACTS,Mason,Admissions,null,,masongr@gmu.edu,,"10/27/17, 12:58 AM",,,,,,,,
GOOGLE_CONTACTS,,,null,,sravanthecoolhunk@gmail.com,,"10/27/17, 12:58 AM",,,,,,,,
GOOGLE_CONTACTS,,,null,,mouryat9@gamil.com,,"10/27/17, 12:58 AM",,,,,,,,
GOOGLE_CONTACTS,,SUSHMA,null,,,"094-907-68231, 094-907-68231","10/27/17, 12:58 AM",,,,,,,,
GOOGLE_CONTACTS,,Sushmitha,null,,, +91 99669 29266,"10/27/17, 12:58 AM",,,,,,,,
GOOGLE_CONTACTS,Ks,Sriram,null,,," +917799072037, 779-907-2037","10/27/17, 12:58 AM",,,,,,,,
GOOGLE_CONTACTS,Ks,Avinash,null,,,"949-234-5133, 949-234-5133","10/27/17, 12:58 AM",,,,,,,,
GOOGLE_CONTACTS,,,null,,dsainishanth1995@gmail.com,,"10/27/17, 12:58 AM",,,,,,,,
GOOGLE_CONTACTS,,,null,,sravansuhas123@gmail.com,,"10/27/17, 12:58 AM",,,,,,,,
GOOGLE_CONTACTS,Chandu,Nannapaneni,null,,me.chandunannapaneni@gmail.com,,"10/27/17, 12:58 AM",,,,,,,,
GOOGLE_CONTACTS,,ykethansai,null,,ykethansai@yahoo.in,,"10/27/17, 12:58 AM",,,,,,,,
GOOGLE_CONTACTS,Ks,Raghava1,null,,,800-871-6444,"10/27/17, 12:58 AM",,,,,,,,
GOOGLE_CONTACTS,Abhinav,Degala,null,,, +91 73 82 145085,"10/27/17, 12:58 AM",,,,,,,,
GOOGLE_CONTACTS,,,null,,irakesh95@gmail.com,,"10/27/17, 12:58 AM",,,,,,,,
GOOGLE_CONTACTS,Satish,Cls,null,,,96 42 606404,"10/27/17, 12:58 AM",,,,,,,,
GOOGLE_CONTACTS,Lavanya,Aketi,null,,, +91 96869 46492,"10/27/17, 12:58 AM",,,,,,,,
GOOGLE_CONTACTS,Shubham,Gautam,null,,,094-791-20001,"10/27/17, 12:58 AM",,,,,,,,
GOOGLE_CONTACTS,Y,S,null,,,092-486-58909,"10/27/17, 12:58 AM",,,,,,,,
GOOGLE_CONTACTS,Ks,Cls,null,,, +919704882294,"10/27/17, 12:58 AM",,,,,,,,
GOOGLE_CONTACTS,Bujji,Ananthapur,null,,,96 03 764626,"10/27/17, 12:58 AM",,,,,,,,
GOOGLE_CONTACTS,Sanketh,Pabbi,null,,, +919030310845,"10/27/17, 12:58 AM",,,,,,,,
GOOGLE_CONTACTS,,,null,,maradapu.krishna@live.com,,"10/27/17, 12:58 AM",,,,,,,,
GOOGLE_CONTACTS,k.udaya,bannu,null,,kudayatejab@gmail.com,,"10/27/17, 12:58 AM",,,,,,,,
GOOGLE_CONTACTS,ks,rao,null,,, +917396017678,"10/27/17, 12:58 AM",,,,,,,,
GOOGLE_CONTACTS,Ks,Mouli,null,,, +919493886973,"10/27/17, 12:58 AM",,,,,,,,
GOOGLE_CONTACTS,Stove,Store,null,,,8885553704,"10/27/17, 12:58 AM",,,,,,,,
GOOGLE_CONTACTS,Pavan,1,null,,, +91 7013 297 337,"10/27/17, 12:58 AM",,,,,,,,
GOOGLE_CONTACTS,,,null,,anuradha.rainigari@gmail.com,,"10/27/17, 12:58 AM",,,,,,,,
GOOGLE_CONTACTS,Nikhil,B6,null,,, +919676322223,"10/27/17, 12:58 AM",,,,,,,,
GOOGLE_CONTACTS,,Sri,null,,, +918331093714,"10/27/17, 12:58 AM",,,,,,,,
GOOGLE_CONTACTS,Gp,Lice,null,,,99862 34806,"10/27/17, 12:58 AM",,,,,,,,
GOOGLE_CONTACTS,,UIDAI,null,,,1800-300-1947,"10/27/17, 12:58 AM",,,,,,,,
GOOGLE_CONTACTS,Ks,Pasha,null,,, +919701711683,"10/27/17, 12:58 AM",,,,,,,,
GOOGLE_CONTACTS,ANU,CELL,null,,,"095-337-00029, 095-337-00029","10/27/17, 12:58 AM",,,,,,,,
GOOGLE_CONTACTS,HOME,BSNL,null,,,040-238-95855,"10/27/17, 12:58 AM",,,,,,,,
GOOGLE_CONTACTS,,Sandilya,null,,, +91 78937 84353,"10/27/17, 12:58 AM",,,,,,,,
GOOGLE_CONTACTS,AK,LALITHAMMA,null,,,"078 93 255525, 078-932-55525","10/27/17, 12:58 AM",,,,,,,,
GOOGLE_CONTACTS,,Nitin,null,,, +91 83748 74051,"10/27/17, 12:58 AM",,,,,,,,
GOOGLE_CONTACTS,,,null,,rm-0b38a9k5bf3qt48aur2dt8bze559230@edm.efincare.com,,"10/27/17, 12:58 AM",,,,,,,,
GOOGLE_CONTACTS,Sowmya,B6,null,,, +91 95504 97680,"10/27/17, 12:58 AM",,,,,,,,
GOOGLE_CONTACTS,KS,Santosh,null,,, +917702197006,"10/27/17, 12:58 AM",,,,,,,,
GOOGLE_CONTACTS,,,null,,manojkumarreddy@gmail.com,,"10/27/17, 12:58 AM",,,,,,,,
GOOGLE_CONTACTS,Sowmya,B6,null,,, +919550497680,"10/27/17, 12:58 AM",,,,,,,,
GOOGLE_CONTACTS,Satish,Cls,null,,,9642606404,"10/27/17, 12:58 AM",,,,,,,,
GOOGLE_CONTACTS,Ks,Razzz,null,,,897-802-6473,"10/27/17, 12:58 AM",,,,,,,,
GOOGLE_CONTACTS,,,null,,Tpo.Git@gitam.edu,,"10/27/17, 12:58 AM",,,,,,,,
GOOGLE_CONTACTS,Joshna,Akka,null,,,7075 794 680,"10/27/17, 12:58 AM",,,,,,,,
GOOGLE_CONTACTS,Ks,Sabareeh,null,,, +918143606315,"10/27/17, 12:58 AM",,,,,,,,
GOOGLE_CONTACTS,,,null,,topgit@gitam.edu,,"10/27/17, 12:58 AM",,,,,,,,
GOOGLE_CONTACTS,Vishnu,Us,null,,, +1-816-832-9888,"10/27/17, 12:58 AM",,,,,,,,
GOOGLE_CONTACTS,ks,git,null,,," +918886355775, +918886355775","10/27/17, 12:58 AM",,,,,,,,
GOOGLE_CONTACTS,Nikhil,Katakam,null,,nikhil333.katakam@gmail.com,,"10/27/17, 12:58 AM",,,,,,,,
GOOGLE_CONTACTS,ks,manoj1,null,,, +918977189888,"10/27/17, 12:58 AM",,,,,,,,
GOOGLE_CONTACTS,ks,vasthava1,null,,, +918341066831,"10/27/17, 12:58 AM",,,,,,,,
GOOGLE_CONTACTS,Mourya,Teja,null,,mouryat9@gmail.com,,"10/27/17, 12:58 AM",,,,,,,,
GOOGLE_CONTACTS,,Ajay,null,,, +91 80191 45483,"10/27/17, 12:58 AM",,,,,,,,
GOOGLE_CONTACTS,,,null,,cs-reply@amazon.in,,"10/27/17, 12:58 AM",,,,,,,,
GOOGLE_CONTACTS,Ks,Lokesh,null,,, +919966533830,"10/27/17, 12:58 AM",,,,,,,,
GOOGLE_CONTACTS,Sankara,Rao,null,,,95 53 429928,"10/27/17, 12:58 AM",,,,,,,,
GOOGLE_CONTACTS,Celkon,Care,null,,,18004250077,"10/27/17, 12:58 AM",,,,,,,,
GOOGLE_CONTACTS,,,null,,info@micromaxinfo.com,,"10/27/17, 12:58 AM",,,,,,,,
GOOGLE_CONTACTS,ks,gi,null,,," +919502775531, +919502775531","10/27/17, 12:58 AM",,,,,,,,
GOOGLE_CONTACTS,Sridhar,Reddy,null,,, +919010471938,"10/27/17, 12:58 AM",,,,,,,,
GOOGLE_CONTACTS,Vajrapu,Sriram,null,,vajrapu.sriram970@gmail.com,,"10/27/17, 12:58 AM",,,,,,,,
GOOGLE_CONTACTS,Priya,Thyagarajan,null,,priya@ssciglobal.in,,"10/27/17, 12:58 AM",,,,,,,,
GOOGLE_CONTACTS,ks,git,null,,,"955-332-4408, 9553324408","10/27/17, 12:58 AM",,,,,,,,
GOOGLE_CONTACTS,,Srisai,null,,, +919491414241,"10/27/17, 12:58 AM",,,,,,,,
GOOGLE_CONTACTS,,Srisai,null,,, +91 94 91 414241,"10/27/17, 12:58 AM",,,,,,,,
GOOGLE_CONTACTS,Gym,Boy,null,,," +919959999436, +919959999436, 7995703598","10/27/17, 12:58 AM",,,,,,,,
GOOGLE_CONTACTS,satyaprudhvi,kumarmanne,null,,satyaprudhvikumarmanne@gmail.com,,"10/27/17, 12:58 AM",,,,,,,,
GOOGLE_CONTACTS,Kishore,B6,null,,, +91 90 00 406399,"10/27/17, 12:58 AM",,,,,,,,
GOOGLE_CONTACTS,ks,gitam,null,,, +917306592519,"10/27/17, 12:58 AM",,,,,,,,
GOOGLE_CONTACTS,Harika,Thallam,null,,, +917702273857,"10/27/17, 12:58 AM",,,,,,,,
GOOGLE_CONTACTS,Ks,Rao,null,,, +919492695669,"10/27/17, 12:58 AM",,,,,,,,
GOOGLE_CONTACTS,sairam,santsh,null,,, +91 95732 67377,"10/27/17, 12:58 AM",,,,,,,,
GOOGLE_CONTACTS,Mohan,Shop,null,,,998-986-0147,"10/27/17, 12:58 AM",,,,,,,,
GOOGLE_CONTACTS,,Venkatesh,null,,,7013593016,"10/27/17, 12:58 AM",,,,,,,,
GOOGLE_CONTACTS,Dinesh,Vijayawada,null,,,96 11 466669,"10/27/17, 12:58 AM",,,,,,,,
GOOGLE_CONTACTS,Nagesh,Mama,null,,,094-480-35188,"10/27/17, 12:58 AM",,,,,,,,
GOOGLE_CONTACTS,ks,raghava2,null,,,800-897-5222,"10/27/17, 12:58 AM",,,,,,,,
GOOGLE_CONTACTS,,,null,,info@prodigyfinance.com,,"10/27/17, 12:58 AM",,,,,,,,
GOOGLE_CONTACTS,Padmaja,Skin,null,,,040-230-54517,"10/27/17, 12:58 AM",,,,,,,,
GOOGLE_CONTACTS,My,*121#,null,,,*121#,"10/27/17, 12:58 AM",,,,,,,,
GOOGLE_CONTACTS,Varun,Cls,null,,,720-704-9494,"10/27/17, 12:58 AM",,,,,,,,
GOOGLE_CONTACTS,Ks,Naresh@b6,null,,, +91 73066 35452,"10/27/17, 12:58 AM",,,,,,,,
GOOGLE_CONTACTS,Make,friends,null,,,5536 5,"10/27/17, 12:58 AM",,,,,,,,
GOOGLE_CONTACTS,Kethan,Sai,null,,ykethansai@gmail.com,,"10/27/17, 12:58 AM",,,,,,,,
GOOGLE_CONTACTS,kiran,atp,null,,,"970-377-6662, 970-377-6662","10/27/17, 12:58 AM",,,,,,,,
GOOGLE_CONTACTS,Satish,Mama,null,,, +91 98 86 715067,"10/27/17, 12:58 AM",,,,,,,,
GOOGLE_CONTACTS,Ks,Ck@b6,null,,, +91 97 05 553637,"10/27/17, 12:58 AM",,,,,,,,
GOOGLE_CONTACTS,Ks,Rupak@A1,null,,,903-088-4012,"10/27/17, 12:58 AM",,,,,,,,
GOOGLE_CONTACTS,Srvasthava,Ganesh,null,,,9848991971,"10/27/17, 12:58 AM",,,,,,,,
GOOGLE_CONTACTS,ks,mate,null,,,"817-922-7087, 817-922-7087","10/27/17, 12:58 AM",,,,,,,,
GOOGLE_CONTACTS,Ks,Murthy,null,,, +919246214620,"10/27/17, 12:58 AM",,,,,,,,
GOOGLE_CONTACTS,Suman,gud,null,,,"087-544-81040, 087-544-81040","10/27/17, 12:58 AM",,,,,,,,
GOOGLE_CONTACTS,,,null,,gradoff@iupui.edu,,"10/27/17, 12:58 AM",,,,,,,,
GOOGLE_CONTACTS,Prathy,Bau,null,,,88970 88882,"10/27/17, 12:58 AM",,,,,,,,
GOOGLE_CONTACTS,yks,idea,null,,,"954-244-9460, 954-244-9460","10/27/17, 12:58 AM",,,,,,,,
GOOGLE_CONTACTS,,,null,,stylishrupak@gmail.com,,"10/27/17, 12:58 AM",,,,,,,,
GOOGLE_CONTACTS,ks,sandilia,null,,,"94 40 853939, 944-085-3939","10/27/17, 12:58 AM",,,,,,,,
GOOGLE_CONTACTS,,Nevon,null,,,77189 77779,"10/27/17, 12:58 AM",,,,,,,,
GOOGLE_CONTACTS,Moiz,Pasha,null,,,9849669701,"10/27/17, 12:58 AM",,,,,,,,
GOOGLE_CONTACTS,Vrishti,Senior,null,,, +918106093339,"10/27/17, 12:58 AM",,,,,,,,
GOOGLE_CONTACTS,Vrishti,Senior,null,,, +91 81060 93339,"10/27/17, 12:58 AM",,,,,,,,
GOOGLE_CONTACTS,Samer,Ravimaruthi,null,,,966-600-3606,"10/27/17, 12:58 AM",,,,,,,,
GOOGLE_CONTACTS,ks,a1,null,,,965-243-9779,"10/27/17, 12:58 AM",,,,,,,,
GOOGLE_CONTACTS,,,null,,shahrukhshaik25@gmail.com,,"10/27/17, 12:58 AM",,,,,,,,
GOOGLE_CONTACTS,,Rakesh,null,,, +91 83 41 905678,"10/27/17, 12:58 AM",,,,,,,,
GOOGLE_CONTACTS,ks,manideep1,null,,, +918179775129,"10/27/17, 12:58 AM",,,,,,,,
GOOGLE_CONTACTS,Rahul,Tadavar,null,,, +918885238754,"10/27/17, 12:58 AM",,,,,,,,
GOOGLE_CONTACTS,Ks,Raghava,null,,,"929-138-8399, 097-400-36313","10/27/17, 12:58 AM",,,,,,,,
GOOGLE_CONTACTS,Ay,Thata,null,,, +91 99 59 999720,"10/27/17, 12:58 AM",,,,,,,,
GOOGLE_CONTACTS,Customer,Care,null,,, +91 98 48 012345,"10/27/17, 12:58 AM",,,,,,,,
GOOGLE_CONTACTS,Ks,Shahrukh,null,,, +918978633867,"10/27/17, 12:58 AM",,,,,,,,
GOOGLE_CONTACTS,Kishore,B6,null,,,7661 884 135,"10/27/17, 12:58 AM",,,,,,,,
GOOGLE_CONTACTS,,,null,,rachana.salla@gmail.com,,"10/27/17, 12:58 AM",,,,,,,,
GOOGLE_CONTACTS,Aditya,Marisala,null,,, +91 90005 76801,"10/27/17, 12:58 AM",,,,,,,,
GOOGLE_CONTACTS,Ks,Manoj2,null,,, +919010658982,"10/27/17, 12:58 AM",,,,,,,,
GOOGLE_CONTACTS,Ks,Livingston,null,,," +91 96 52 149671, +919573336326","10/27/17, 12:58 AM",,,,,,,,
GOOGLE_CONTACTS,Ks,Arvind,null,,,957-337-3826,"10/27/17, 12:58 AM",,,,,,,,
GOOGLE_CONTACTS,Ks,1,null,,,888-523-2773,"10/27/17, 12:58 AM",,,,,,,,
GOOGLE_CONTACTS,My,121,null,,,121,"10/27/17, 12:58 AM",,,,,,,,
GOOGLE_CONTACTS,Karan,B6,null,,, +918985362455,"10/27/17, 12:58 AM",,,,,,,,
GOOGLE_CONTACTS,Ks,Srivasthava,null,,," +91 88 97 445698, 903-264-4488","10/27/17, 12:58 AM",,,,,,,,
GOOGLE_CONTACTS,,Judge,null,,, +91 98 66 234304,"10/27/17, 12:58 AM",,,,,,,,
GOOGLE_CONTACTS,ks,room,null,,, +918185052051,"10/27/17, 12:58 AM",,,,,,,,
GOOGLE_CONTACTS,CHENGALVA,peddama,null,,,"092-965-04954, 09296504954","10/27/17, 12:58 AM",,,,,,,,
GOOGLE_CONTACTS,,dad,null,,,"924-688-4895, 92 46 884895","10/27/17, 12:58 AM",,,,,,,,
GOOGLE_CONTACTS,muktevisri,venkatesh,null,,tpogit4@gmail.com,,"10/27/17, 12:58 AM",,,,,,,,
GOOGLE_CONTACTS,Yesaswini,Chinni,null,,,"7019 733 546, +91 89 04 603317","10/27/17, 12:58 AM",,,,,,,,
GOOGLE_CONTACTS,,,null,,avinash565avi@gmail.com,,"10/27/17, 12:58 AM",,,,,,,,
GOOGLE_CONTACTS,Sashi,Kiran,null,,, +917416699988,"10/27/17, 12:58 AM",,,,,,,,
GOOGLE_CONTACTS,,,null,,tharika70@gmail.com,,"10/27/17, 12:58 AM",,,,,,,,
GOOGLE_CONTACTS,Ramya,Rednem,null,,, +919494484661,"10/27/17, 12:58 AM",,,,,,,,
GOOGLE_CONTACTS,ks,ganesh,null,,," +919948762808, +919948762808","10/27/17, 12:58 AM",,,,,,,,
GOOGLE_CONTACTS,Vishnu,Usa,null,,,001-779-2208330,"10/27/17, 12:58 AM",,,,,,,,
GOOGLE_CONTACTS,,Prathushya,null,,, +91 733 070 1166,"10/27/17, 12:58 AM",,,,,,,,
GOOGLE_CONTACTS,ks,bro,null,,, +919603006065,"10/27/17, 12:58 AM",,,,,,,,
GOOGLE_CONTACTS,ks,pavan,null,,,70 32 663079,"10/27/17, 12:58 AM",,,,,,,,
GOOGLE_CONTACTS,,,null,,saimayur1998@gmail.com,,"10/27/17, 12:58 AM",,,,,,,,
GOOGLE_CONTACTS,banda,pavan,null,,,889-701-4729,"10/27/17, 12:58 AM",,,,,,,,
ANDROID_CALENDAR,,,,,dewen@wayup.com,,"1/22/20, 8:07 AM",,,,,,,,
ANDROID_CALENDAR,,,,,ykethansai@gmail.com,,"1/22/20, 8:07 AM",,,,,,,,
