From,To,Sent At,Message,Direction
"Kethan Sai Yaram ,MS",Dipa Datta,"3/19/20, 12:17 PM","Hi Ms.Datta. My name is Kethan Sai and I’m a recent graduate with a major in Computer Science. I’m sure you are extremely busy but if there are any job openings around Software Engineer / Developer, I would love the chance to talk about why I might be a good fit. Thank you and have a great week.",OUTGOING
"Kethan Sai Yaram ,MS",Morgan Geary,"3/19/20, 12:08 PM","Hi Ms. Geary, I am a recent Graduate student with a major in Computer Science, I came across your post on LinkedIn recently and hoping if there are any job openings around Software Engineer / Developer. I would love the chance to talk about why I might be a good fit. Thank you and have a Good Week.",OUTGOING
"Kethan Sai Yaram ,MS",Snehal P,"3/17/20, 9:19 PM",,OUTGOING
"Kethan Sai Yaram ,MS",Kavitha Gande,"3/13/20, 3:20 PM",,OUTGOING
"Kethan Sai Yaram ,MS",Sonal Dandekar,"2/21/20, 5:14 AM",,OUTGOING
"Kethan Sai Yaram ,MS",Harsh Vardhan,"2/21/20, 5:12 AM",,OUTGOING
"Kethan Sai Yaram ,MS",Mounika Poddaturi,"2/21/20, 5:12 AM",,OUTGOING
"Kethan Sai Yaram ,MS",Carrie Perretta-Murphy,"2/14/20, 2:02 PM",,OUTGOING
"Kethan Sai Yaram ,MS",Michael Prohaska,"2/5/20, 11:28 AM","Hi Mr.Prohaska, I want to thank you for taking the time to meet with me yesterday. After talking with you and Mr.John Platt I am even more excited about the position and think I will fit in with the team well. I hope we can connect for our future endeavors. ",OUTGOING
"Kethan Sai Yaram ,MS",John Platt,"2/5/20, 11:21 AM","I want to thank you for taking the time to meet with me yesterday. After talking with you and Mr. Mike Prohaska, I am even more excited about the position and think I will fit in with the team well.  It would be great if we could connect for future endeavors.",OUTGOING
"Kethan Sai Yaram ,MS",Al DeSanto,"12/20/19, 9:48 AM",,OUTGOING
"Kethan Sai Yaram ,MS",Victor O. Owoeye,"12/13/19, 2:58 PM",,OUTGOING
"Kethan Sai Yaram ,MS",Veronica Jensen,"11/11/19, 5:35 PM",,OUTGOING
"Kethan Sai Yaram ,MS",jacob moore,"5/1/19, 12:39 PM",,OUTGOING
Adepu Sumani☑,"Kethan Sai Yaram ,MS","4/27/20, 7:02 AM",,INCOMING
Shankar Krishnakumar,"Kethan Sai Yaram ,MS","4/27/20, 6:05 AM",,INCOMING
MANI SHANKER KRISHNA BOJJA,"Kethan Sai Yaram ,MS","4/26/20, 10:40 AM",,INCOMING
quote quotations,"Kethan Sai Yaram ,MS","4/21/20, 5:23 AM",,INCOMING
ATENDRA SINGH CHAUDHARY,"Kethan Sai Yaram ,MS","4/18/20, 6:22 AM",,INCOMING
Tejas Satam,"Kethan Sai Yaram ,MS","4/17/20, 1:33 PM",,INCOMING
Jasthi Praveen ,"Kethan Sai Yaram ,MS","4/17/20, 12:37 AM",,INCOMING
Anika(Laharii)Deep Nemo IT Solutions,"Kethan Sai Yaram ,MS","4/15/20, 11:30 AM",,INCOMING
Surya Srikar Sirigineedi,"Kethan Sai Yaram ,MS","4/14/20, 1:10 PM",,INCOMING
Aakash Sai Raj P B,"Kethan Sai Yaram ,MS","4/14/20, 11:49 AM",,INCOMING
Rakesh patel,"Kethan Sai Yaram ,MS","4/14/20, 9:37 AM",,INCOMING
Kaviya  Murali . BDS,"Kethan Sai Yaram ,MS","4/9/20, 9:30 PM",,INCOMING
Marlon Macaya,"Kethan Sai Yaram ,MS","4/8/20, 1:08 PM","Hi! My name is Marlon and I am a Program Manager at Pathrise, an education tech startup funded by Y Combinator and a number of other top venture firms. You seem like a great fit for our fellowship program. I would love to connect to give you some more information! ",INCOMING
Tracedeals India,"Kethan Sai Yaram ,MS","4/7/20, 2:12 AM",,INCOMING
Akhil Singh Thakur,"Kethan Sai Yaram ,MS","4/6/20, 6:39 PM",,INCOMING
Hsuankai Chang,"Kethan Sai Yaram ,MS","4/5/20, 10:19 PM",,INCOMING
Sukhen Tiwari,"Kethan Sai Yaram ,MS","4/5/20, 8:50 PM",,INCOMING
Pradeep Kumar,"Kethan Sai Yaram ,MS","4/5/20, 1:55 PM",,INCOMING
"Anurag J. Shetty (AJ), CSSGB","Kethan Sai Yaram ,MS","4/3/20, 6:37 PM",,INCOMING
Adesh Sinha,"Kethan Sai Yaram ,MS","4/3/20, 4:16 AM",,INCOMING
AVINASH JANA,"Kethan Sai Yaram ,MS","4/1/20, 10:16 PM",,INCOMING
Sashin Ranjitkar,"Kethan Sai Yaram ,MS","4/1/20, 9:41 PM","Hi! My name is Sashin and I am a Talent Manager at Pathrise, a career advancement startup funded by Y Combinator and a number of other top venture firms. We would like to help you land a competitive role at a top tech company. I would love to connect to give you some more info!",INCOMING
Sangishetti Kranthi,"Kethan Sai Yaram ,MS","3/30/20, 3:03 PM",Hi Hope you are doing good Are you looking for long term contract positions?,INCOMING
Amit Khandelwal,"Kethan Sai Yaram ,MS","3/30/20, 6:29 AM",,INCOMING
Alexander Purushothaman,"Kethan Sai Yaram ,MS","3/27/20, 12:11 PM",,INCOMING
wisdom materials,"Kethan Sai Yaram ,MS","3/26/20, 8:03 AM",,INCOMING
Yogesh Balu,"Kethan Sai Yaram ,MS","3/24/20, 2:50 AM",,INCOMING
Syed Rouhan Mubarik,"Kethan Sai Yaram ,MS","3/23/20, 9:42 PM",,INCOMING
Ramadas H P,"Kethan Sai Yaram ,MS","3/23/20, 7:33 PM",,INCOMING
Sachinika Deemansa,"Kethan Sai Yaram ,MS","3/22/20, 4:32 PM","Hey, this is Deemansa. I am a Business Analyst by profession and alongside also working on entrepreneurship projects part time. Let’s stay connected.",INCOMING
Pranay Chowdary,"Kethan Sai Yaram ,MS","3/22/20, 11:36 AM",,INCOMING
Shailendra Khandelwal,"Kethan Sai Yaram ,MS","3/22/20, 10:51 AM",,INCOMING
Vamsi varada,"Kethan Sai Yaram ,MS","3/19/20, 2:26 AM",,INCOMING
Gopala krishna,"Kethan Sai Yaram ,MS","3/18/20, 10:22 AM",,INCOMING
Madipally Sai Krishna Sashank,"Kethan Sai Yaram ,MS","3/17/20, 11:30 PM",,INCOMING
Vignan Schools,"Kethan Sai Yaram ,MS","3/17/20, 3:02 AM",,INCOMING
Dilip Kumar,"Kethan Sai Yaram ,MS","3/17/20, 1:23 AM",,INCOMING
Sindhusha Devi Parimi,"Kethan Sai Yaram ,MS","3/16/20, 3:00 PM",,INCOMING
Sateesh Babu,"Kethan Sai Yaram ,MS","3/13/20, 2:45 PM",,INCOMING
Gaddala Rudesh,"Kethan Sai Yaram ,MS","3/13/20, 7:35 AM","Kethan Sai This is Rudesh working as Talent Acquisition Specialist i would like to improve my connections, i hope you accept my request. THANKS",INCOMING
Sneha Pullaiahgari,"Kethan Sai Yaram ,MS","3/12/20, 11:11 PM",,INCOMING
Yashika m,"Kethan Sai Yaram ,MS","3/12/20, 5:45 AM",,INCOMING
Navya Medarametla,"Kethan Sai Yaram ,MS","3/11/20, 5:25 PM",,INCOMING
Sanjeeva Reddy Gundarapu,"Kethan Sai Yaram ,MS","3/10/20, 9:23 PM",,INCOMING
DURGA SAI KUMAR,"Kethan Sai Yaram ,MS","3/10/20, 8:01 AM",,INCOMING
Rohan Tekale,"Kethan Sai Yaram ,MS","3/10/20, 6:06 AM",,INCOMING
Suresh Miriyapalli,"Kethan Sai Yaram ,MS","3/9/20, 10:20 PM",,INCOMING
SANKURU J S S S  SIVAKANTH REDDY,"Kethan Sai Yaram ,MS","3/9/20, 11:27 AM",,INCOMING
Anand Vikram Patte,"Kethan Sai Yaram ,MS","3/7/20, 11:56 AM",,INCOMING
Nikhil Varma,"Kethan Sai Yaram ,MS","3/5/20, 5:56 PM",,INCOMING
varmaraj jalantri,"Kethan Sai Yaram ,MS","3/5/20, 11:27 AM",Hello....... Hope you are doing well Are you looking for any Job Opportunity ,INCOMING
Anudeep Reddy Patlola,"Kethan Sai Yaram ,MS","3/4/20, 1:59 PM",,INCOMING
Uma Maheswara Chinta,"Kethan Sai Yaram ,MS","2/28/20, 12:27 PM",,INCOMING
Ryan Riddel,"Kethan Sai Yaram ,MS","2/28/20, 11:31 AM",,INCOMING
Srujana Stephen,"Kethan Sai Yaram ,MS","2/27/20, 12:05 PM","Hi Kethan, I would like to add you to my Professional Network.",INCOMING
Morlamanideeps Goud,"Kethan Sai Yaram ,MS","2/27/20, 7:28 AM",,INCOMING
santosh garikina,"Kethan Sai Yaram ,MS","2/26/20, 2:20 AM",,INCOMING
Suresh Nunna,"Kethan Sai Yaram ,MS","2/25/20, 12:34 PM",,INCOMING
Mohammed Abbass (Cezanne),"Kethan Sai Yaram ,MS","2/24/20, 6:59 AM",,INCOMING
Nagarjun Konathala,"Kethan Sai Yaram ,MS","2/24/20, 1:19 AM",,INCOMING
Harsha Siva Sai Sannapaneni,"Kethan Sai Yaram ,MS","2/21/20, 10:41 AM",,INCOMING
Bharat Ummadi,"Kethan Sai Yaram ,MS","2/19/20, 5:54 PM",,INCOMING
Kiran Nara,"Kethan Sai Yaram ,MS","2/19/20, 9:06 AM",,INCOMING
Roosevelt Martin,"Kethan Sai Yaram ,MS","2/19/20, 5:32 AM",,INCOMING
Plastic Free India,"Kethan Sai Yaram ,MS","2/18/20, 4:42 PM",,INCOMING
Shoubhik Sadhu,"Kethan Sai Yaram ,MS","2/18/20, 9:41 AM",,INCOMING
Shanmukh Bobbili,"Kethan Sai Yaram ,MS","2/17/20, 8:00 PM",,INCOMING
Naveen Kumar,"Kethan Sai Yaram ,MS","2/12/20, 12:15 PM",,INCOMING
Dedeepya Sai Palacherla,"Kethan Sai Yaram ,MS","2/12/20, 9:17 AM",,INCOMING
abhilash ilander,"Kethan Sai Yaram ,MS","2/12/20, 4:46 AM",,INCOMING
Krishna saketh Nedunuri,"Kethan Sai Yaram ,MS","2/12/20, 1:17 AM",,INCOMING
Vlad Oprescu,"Kethan Sai Yaram ,MS","2/11/20, 11:25 PM",,INCOMING
m d v prasad,"Kethan Sai Yaram ,MS","2/11/20, 4:26 AM",,INCOMING
Kalki Vara Prasad Karri,"Kethan Sai Yaram ,MS","2/11/20, 3:43 AM",,INCOMING
Ganamaina Ravishekhar,"Kethan Sai Yaram ,MS","2/11/20, 2:33 AM",,INCOMING
AVINASH SINGH,"Kethan Sai Yaram ,MS","2/9/20, 2:56 AM",,INCOMING
Maddileti Reddy,"Kethan Sai Yaram ,MS","2/7/20, 7:59 AM",,INCOMING
Yelamanchili Prasanna Kumar,"Kethan Sai Yaram ,MS","2/7/20, 7:42 AM",,INCOMING
Srinivasarao Puli,"Kethan Sai Yaram ,MS","2/7/20, 6:56 AM",,INCOMING
Megha L.B,"Kethan Sai Yaram ,MS","2/7/20, 3:08 AM",,INCOMING
Sashank Erla,"Kethan Sai Yaram ,MS","2/7/20, 1:59 AM",,INCOMING
Sushmitha Chinta,"Kethan Sai Yaram ,MS","2/7/20, 12:48 AM",,INCOMING
Pooja Aishwarya Bonthula,"Kethan Sai Yaram ,MS","2/6/20, 10:01 AM",,INCOMING
Naman Mehta,"Kethan Sai Yaram ,MS","2/5/20, 5:27 PM",,INCOMING
Sumanth Y,"Kethan Sai Yaram ,MS","2/4/20, 8:11 AM",,INCOMING
Atul Dwivedi,"Kethan Sai Yaram ,MS","2/1/20, 8:16 AM",,INCOMING
Sharat Chalasani,"Kethan Sai Yaram ,MS","1/31/20, 11:53 PM",,INCOMING
Lohit Koganti,"Kethan Sai Yaram ,MS","1/30/20, 4:57 PM",,INCOMING
Sourabh Suman,"Kethan Sai Yaram ,MS","1/26/20, 8:12 PM",,INCOMING
Moonmoon Patnaik,"Kethan Sai Yaram ,MS","1/26/20, 7:39 AM",,INCOMING
bharat naga sunil,"Kethan Sai Yaram ,MS","1/25/20, 8:51 AM",,INCOMING
Siva Chunchu,"Kethan Sai Yaram ,MS","1/22/20, 6:24 PM",,INCOMING
Sai Sudheer,"Kethan Sai Yaram ,MS","1/21/20, 5:38 PM",,INCOMING
Solomon Sudheer,"Kethan Sai Yaram ,MS","1/21/20, 5:52 AM",,INCOMING
Srinivasulu Neshaneni,"Kethan Sai Yaram ,MS","1/19/20, 10:14 AM",,INCOMING
Joseph Melis,"Kethan Sai Yaram ,MS","1/28/20, 12:25 AM",,INCOMING
Rayeesuddin Mohammed,"Kethan Sai Yaram ,MS","1/27/20, 9:16 AM",,INCOMING
Prudhwee Raju Kakarlapudi,"Kethan Sai Yaram ,MS","1/24/20, 7:32 AM",,INCOMING
Sashi K Donepudi,"Kethan Sai Yaram ,MS","1/17/20, 8:11 PM",,INCOMING
Hitesh Hemrajani,"Kethan Sai Yaram ,MS","1/17/20, 12:05 PM",,INCOMING
ATENDRA SINGH CHAUDHARY,"Kethan Sai Yaram ,MS","1/13/20, 10:02 PM",,INCOMING
Tushar Takmoge,"Kethan Sai Yaram ,MS","1/9/20, 2:10 PM",,INCOMING
Khushbu Patil,"Kethan Sai Yaram ,MS","1/8/20, 5:24 PM",,INCOMING
VEERA MANISH POLAMARASETTY,"Kethan Sai Yaram ,MS","1/8/20, 4:51 PM",,INCOMING
Subhash Goud,"Kethan Sai Yaram ,MS","1/8/20, 8:42 AM",,INCOMING
Balaji Naidu Sadhu,"Kethan Sai Yaram ,MS","1/7/20, 6:08 PM",,INCOMING
Pravin A,"Kethan Sai Yaram ,MS","1/6/20, 10:56 AM",,INCOMING
Anil Kumar,"Kethan Sai Yaram ,MS","1/5/20, 11:16 PM",,INCOMING
Niti S.,"Kethan Sai Yaram ,MS","1/5/20, 8:52 PM",,INCOMING
Ravi Thombre,"Kethan Sai Yaram ,MS","1/2/20, 9:20 PM",,INCOMING
Yamalapalli Rammohana Rao,"Kethan Sai Yaram ,MS","1/2/20, 6:50 PM",,INCOMING
Raghu Geddhda,"Kethan Sai Yaram ,MS","1/2/20, 10:52 AM",,INCOMING
Abhi reddy,"Kethan Sai Yaram ,MS","1/2/20, 2:31 AM",,INCOMING
Dr. Navneeta Kapoor,"Kethan Sai Yaram ,MS","1/1/20, 3:09 PM",,INCOMING
Shobhit Tripathi,"Kethan Sai Yaram ,MS","12/27/19, 10:25 PM",,INCOMING
Chandana Kandukuri,"Kethan Sai Yaram ,MS","12/24/19, 9:54 PM",,INCOMING
Vijay kumar Sharma,"Kethan Sai Yaram ,MS","12/23/19, 6:51 PM",,INCOMING
Krithin Kumar Venkatesh,"Kethan Sai Yaram ,MS","12/23/19, 1:30 PM",,INCOMING
sai subramanyam,"Kethan Sai Yaram ,MS","12/22/19, 11:13 PM",,INCOMING
Sivaramakrishnan Raghavan,"Kethan Sai Yaram ,MS","12/19/19, 2:06 AM",,INCOMING
Dinesh Choudary Mutyala,"Kethan Sai Yaram ,MS","12/19/19, 12:16 AM",,INCOMING
Zach Jones,"Kethan Sai Yaram ,MS","12/18/19, 7:38 AM",,INCOMING
Pooja Agrawal,"Kethan Sai Yaram ,MS","12/17/19, 9:56 AM",,INCOMING
VINOD Khanna,"Kethan Sai Yaram ,MS","12/16/19, 7:50 AM",,INCOMING
jacob moore,"Kethan Sai Yaram ,MS","12/15/19, 7:53 AM","Looking wildly Indian, my good sah!",INCOMING
vishnu vardhan reddy,"Kethan Sai Yaram ,MS","12/13/19, 6:16 PM",,INCOMING
Eanugu Dileep,"Kethan Sai Yaram ,MS","12/12/19, 6:28 PM",,INCOMING
Manas Mallick,"Kethan Sai Yaram ,MS","12/12/19, 8:36 AM",,INCOMING
Prerna Priyadarshini,"Kethan Sai Yaram ,MS","12/11/19, 11:54 PM",,INCOMING
D Ashish,"Kethan Sai Yaram ,MS","12/10/19, 5:36 PM",,INCOMING
Bhavana Vikram,"Kethan Sai Yaram ,MS","12/9/19, 5:08 PM",,INCOMING
Mandar S,"Kethan Sai Yaram ,MS","11/29/19, 11:31 PM",,INCOMING
Praveena Manjunatha,"Kethan Sai Yaram ,MS","11/27/19, 1:04 PM",,INCOMING
Sai M.,"Kethan Sai Yaram ,MS","11/26/19, 4:38 PM",,INCOMING
SIEM XPERT,"Kethan Sai Yaram ,MS","11/26/19, 3:20 AM",,INCOMING
Viswalahiri Hejeebu,"Kethan Sai Yaram ,MS","11/25/19, 7:24 AM",,INCOMING
Ashok k,"Kethan Sai Yaram ,MS","11/22/19, 1:30 PM",,INCOMING
Valmiki - India's Leading Education Consultants ,"Kethan Sai Yaram ,MS","11/22/19, 1:41 AM",,INCOMING
Bhargav Kumar,"Kethan Sai Yaram ,MS","11/21/19, 9:33 PM",,INCOMING
Shaik Ashraf ali khan,"Kethan Sai Yaram ,MS","11/20/19, 4:13 AM",,INCOMING
Dheeraj Jampani,"Kethan Sai Yaram ,MS","11/16/19, 1:01 AM",,INCOMING
MANAS RANJAN PATNAIK,"Kethan Sai Yaram ,MS","11/12/19, 5:04 AM",,INCOMING
SAURAV KUMAR,"Kethan Sai Yaram ,MS","11/10/19, 11:47 PM",,INCOMING
Ankita Gupta,"Kethan Sai Yaram ,MS","11/10/19, 6:17 PM",,INCOMING
GITAM Deemed University,"Kethan Sai Yaram ,MS","11/8/19, 7:32 PM",,INCOMING
Anil Kumar chowdary Venigalla,"Kethan Sai Yaram ,MS","11/7/19, 2:15 AM",,INCOMING
Aksa Nasir,"Kethan Sai Yaram ,MS","11/6/19, 7:09 PM",,INCOMING
Deepika Chowdary,"Kethan Sai Yaram ,MS","11/3/19, 7:07 PM",,INCOMING
Priyanka varma Dantuluri,"Kethan Sai Yaram ,MS","11/3/19, 4:34 AM",,INCOMING
