Content Title,Content Description,Content Type,Content Last Watched Date (if viewed),Content Completed At (if completed),Content Saved,Notes taken on videos (if taken),
Mastering Puppet for Large Infrastructures,"Puppet is a configuration management system that automates IT deployments, allowing administrators to keep machines consistent and up to date. Master Puppet and overcome issues faced in larger deployments, with these practical tutorials that shows real-world examples of Puppet in action. Packt Publishing instructor Thomas Uphill shows how to create a Puppet server machine from scratch and use PuppetDB to store facts (resource information), reports, and exported resources. He also shows how to generate reports, leverage public modules from Puppet Forge or GitHub for custom configurations, and check the syntax of code with two tools: puppet-lint or puppet parser validate. Plus, learn about Puppet best practices, such as adhering to the community style guide.<br><br>

This course was created by Packt Publishing. We are honored to host this training in our library.",Course,2020-03-15 15:37 UTC,N/A,false,N/A,
Advanced C Programming,"Once you've mastered the basics of programming in C, you can concentrate on writing more efficient, more functional code. In this course, Dan Gookin offers some tips to help you extend your C programming skills. Learn how to read and write main function arguments, build more useful variables, and work with arrays and structures. Plus, get tips on generating pointers, and take the practice challenges to test your learning along the way.",Course,2019-05-15 17:22 UTC,N/A,false,N/A,
Learning Web Analytics,"Learn how web analytics can improve your marketing game. In this course marketing expert Matt Bailey explains what analytics is, what it can do, and how it will change your online business. Learn how to apply value measurement to your website and figure out which pages convince people to become customers and which pages push them away. Matt demonstrates where the most important numbers come from, introduces some basic terminology, and shows how to find some basic reports-with free tools like Google Analytics-that can provide you with immediate, actionable data. At the end of the course, you'll be able to measure and understand the value of actions and conversions, and direct your marketing investment to the areas that need it most.",Course,2020-04-05 17:28 UTC,N/A,false,N/A,
Debiasing AI Using Amazon SageMaker,"Artificial intelligence (AI) can have deeply embedded bias. It’s the job of data scientists and developers to ensure their algorithms are fair, transparent, and explainable. This responsibility is critically important when building models that may determine policy—or shape the course of people’s lives. In this course, award-winning software engineer Kesha Williams explains how to debias AI with Amazon SageMaker. She shows how to use SageMaker to create a predictive-policing machine-learning model that integrates Rekognition and AWS DeepLens, creating a crime-fighting model that can “see” what’s happening in a live scene. By following the development process, you can learn what goes into making a model that doesn’t suffer from cultural prejudices. Kesha also discusses how to remove bias in training data, test a model for fairness, and build trust in AI by making models that are explainable.",Course,2019-12-12 20:17 UTC,N/A,false,N/A,
Learning Python,"Python—the popular and highly readable object-oriented language—is both powerful and relatively easy to learn. Whether you're new to programming or an experienced developer, this course can help you get started with Python. Joe Marini provides an overview of the installation process, basic Python syntax, and an example of how to construct and run a simple Python program. Learn to work with dates and times, read and write files, and retrieve and parse HTML, JSON, and XML data from the web.",Course,2019-04-20 20:01 UTC,N/A,false,N/A,
Data Science Foundations: Python Scientific Stack,"Data science provides organizations with striking—and highly valuable—insights into human behavior. While data mining can seem a bit daunting, you don't need to be a highly-skilled programmer to process your own data. In this hands-on course, learn how to use the Python scientific stack to complete common data science tasks. Miki Tebeka covers the tools and concepts you need to effectively process data with the Python scientific stack, including Pandas for data crunching, matplotlib for data visualization, NumPy for numeric computation, and more.",Course,2019-04-16 22:21 UTC,N/A,false,N/A,
Introduction to Data Structures & Algorithms in Java,"Enhance your programming skill set by learning about some of the most commonly-used data structures and algorithms. In this course, instructor Raghavendra Dixit walks through how to use Java to write code to implement data structures and algorithms. After explaining why it's advantageous to study these topics, he goes over the analysis of algorithms and discusses arrays—a data structure found in most programming languages. He also explains how to implement linked lists in Java, and covers stacks, queues, recursion, binary search trees, heaps, and more.<br><br>

Note: This course was created by Packt Publishing. We are pleased to host this training in our library.",Course,N/A,N/A,true,N/A,
Power BI Essential Training (2019),"Discover how to quickly glean insights from your data using Power BI. This formidable set of business analytics tools—which includes the Power BI service, Power BI Desktop, and Power BI Mobile—can help you more effectively create and share impactful visualizations with others in your organization. In this course, Gini von Courter helps you get started with this powerful toolset. Gini begins by covering the web-based Power BI service, explaining how to import data, create visualizations, and arrange those visualizations into reports. She discusses how to pin visualizations to dashboards for sharing, as well as how to ask questions about your data with Power BI Q&A. She also provides coverage of Power BI Mobile—explaining how to use it to view and share your data—and shows how to use the data modeling capabilities in Power BI Desktop.",Course,2019-12-15 21:20 UTC,N/A,false,N/A,
NLP with Python for Machine Learning Essential Training,"With the increased amount of data publicly available and the increased focus on unstructured text data, understanding how to clean, process, and analyze that text data is tremendously valuable. If you have some experience with Python and an interest in natural language processing (NLP), this course can provide you with the knowledge you need to tackle complex problems using machine learning. Instructor Derek Jedamski provides a quick summary of basic natural language processing (NLP) concepts, covers advanced data cleaning and vectorization techniques, and then takes a deep dive into building machine learning classifiers. During this last step, Derek shows how to build two different types of machine learning models, as well as how to evaluate and test variations of those models.",Course,2020-03-14 02:24 UTC,N/A,false,N/A,
After Effects 2020 New Features,"After Effects 2020 is here. Want to know how this new version will impact your motion graphics workflow? This course covers the latest upgrade, focused around the new, more powerful Content-Aware Fill. Discover how to remove an object, create a reference frame, and remove a logo on a smooth surface with this intelligent editing tool. Instructor Mark Christiansen provides practical tips to help you get the most from this forward-looking update.",Course,2020-03-19 19:09 UTC,N/A,false,N/A,
Learning SAP Analytics Cloud,"Enterprises need ways to harness data to improve organizational outcomes, and ultimately to improve the quality of their products and services. SAP Analytics Cloud, part of the SAP Business Intelligence suite, allows you to analyze data from any industry-standard data source to make more data-driven, evidence-based decisions. In this course, you can learn how to use the Analytics Cloud to generate reports and look for data insights that can help your organization. Instructor Joshua Rischin explains how to create and manage data models, build reports and dashboards, and enhance your analysis with the artificial intelligence (AI) and machine learning features in SAP Analytics Cloud. No matter what kind of data you need to analyze—pricing or sales data, custom customer information, or inventory—SAP Analytics Cloud can help you turn your data into clear and actionable insights.",Course,2019-10-09 02:47 UTC,N/A,false,N/A,
Learning Arduino: Pulse Width Modulation,"Pulse width modulation (PWM) is an essential skill for connecting Arduino microcontrollers to motors or lights, providing a way to approximate analog voltage levels with digital signals. Using PWM, you can control and program the brightness of lights and the speed of motors—bringing your projects to life. Join Rae Hoyt in this course and learn how to harness the power of PWM to drive digital circuits. She shows how to use the built-in PWM libraries and functions, troubleshoot code and hardware, and use analog input controls to drive servos, motors, and RGB LEDs. Take the practice challenges along the way to test your learning and see how far your Arduino skills are progressing.",Course,2020-03-04 13:32 UTC,N/A,false,N/A,
AWS Machine Learning by Example,"Take a deeper dive into machine learning with Amazon Web Services (AWS). In this practical course, instructor Jonathan Fernandes helps to familiarize you with common machine learning tasks, demonstrating how to approach each one using key techniques: binary classification, multiclass classification, and regression. Throughout the course, he walks through several examples, using Kaggle datasets for hands-on exploration. Plus, he reviews some essential machine learning concepts and helps to familiarize you with other AWS capabilities, including SageMaker and Deep Learning AMIs.",Course,2019-12-12 20:10 UTC,N/A,false,N/A,
Statistics Foundations: 1,"Statistics is not just the realm of data scientists. All types of jobs use statistics. Statistics are important for making decisions, new discoveries, investments, and predictions.  Whether the subject is political races, sports rankings, shopping trends, or healthcare advancements, statistics is an instrument for understanding your favorite topic at a deeper level. With these beginner-level lessons, you too can master the terms, formulas, and techniques needed to perform the most common types of statistics.<br><br>

Professor Eddie Davila covers statistics basics, like calculating averages, medians, modes, and standard deviations. He shows how to use probability and distribution curves to inform decisions, and how to detect false positives and misleading data. Each concept is covered in simple language, with detailed examples that show how statistics are used in real-world scenarios from the worlds of business, sports, education, entertainment, and more. These techniques will help you understand your data, prove theories, and save time, money, and other valuable resources—all by understanding the numbers.",Course,2019-03-30 15:03 UTC,N/A,false,N/A,
Nail Your Java Interview,"Have you lined up an interview for a Java developer position? In this course, review critical Java concepts-and commonly-asked interview questions-to ensure that you approach your Java interviews with confidence. Instructor Kathryn Hodge dives into a discussion of key topics that might appear as questions in an interview, such as the difference between the Java Runtime Environment (JRE) and the Java Development Kit (JDK). She also goes over string manipulation, data structures, and essential object-oriented programming concepts. Throughout the course, Kathryn offers examples that lend a real-world context to the concepts she covers.",Course,2019-05-06 01:54 UTC,N/A,false,N/A,
C++ Standard Template Library,"The C++ Standard Template Library (STL) is a set of classes that implement many popular and commonly used algorithms and data structures. These features help you create more efficient, performant, and reusable code. Programmer Eduardo Corpeño reviews the most popular elements of the C++ STL, so you can use these tools in your projects as soon as you finish the training. Learn how to use sequence containers such as vectors, lists, stacks, and queues for data storage, and use associative containers like sets and maps to implement associative arrays. Eduardo explains which elements perform best in which scenarios, and shows how to program with STL for maximum efficiency. A series of challenges at the end of each chapter allow you to test your knowledge along the way.",Course,2019-06-08 02:39 UTC,N/A,false,N/A,
CONTENT METADATA NO LONGER EXISTS - urn:li:lyndaCourse:5007901,CONTENT METADATA NO LONGER EXISTS - urn:li:lyndaCourse:5007901,Course,2020-03-04 00:00 UTC,N/A,false,N/A,
Access 2016: Forms and Reports,"Learn how to use Access forms and reports to control and organize the display of your data, as well as gather parameters for queries. Access expert Adam Wilbert starts with the basics of form design and leveraging controls such as buttons, links, and macros. He combines these ideas in a chapter that shows how to build an application-like framework for getting around an Access 2016 database.<br><br>

Then the course dives into reports: creating efficient and readable layouts, grouping data into categories, tying reports to queries, and using conditional formatting rules to highlight key takeaways from the data. Finally, Adam demonstrates how to link forms and reports and print your results, and introduces unique ways to save time filling out paperwork and generating form letters.",Course,2018-03-27 21:50 UTC,N/A,false,N/A,
Learning Relational Databases,"Have you ever opened up a database that someone else built and felt a little lost? Or ever thought of designing your own simple database and been unsure of where to start? Or perhaps you need to work with a team of database professionals and don't know how to speak their language? This course can help you overcome these hurdles.<br><br>
Adam Wilbert covers the basics of relational database design, regardless of whether you use Access, FileMaker, Open Office, or SQL Server. Learn how to prevent data anomalies, gather requirements to plan your design, and develop a conceptual data model—translating your ideas into components like tables, relationships, queries, and views. Plus, learn about logical design considerations that can help you construct a database that is easy to maintain.",Course,2018-06-29 10:53 UTC,N/A,false,N/A,
Developing Adaptability as a Manager,"The business world is changing faster than ever, with digital transformation and disruption everywhere. Being adaptable is a foundational skill for managers, which enables them to respond to change in positive, resilient ways and seize new opportunities. Join author and professor Dorie Clark, as she introduces strategies for becoming a more adaptable leader. Learn how to monitor for change in order to better prepare for it, hone your skills, and create a more adaptable team that is innovative and responsive to change.",Course,2019-12-19 19:12 UTC,N/A,false,N/A,
CONTENT METADATA NO LONGER EXISTS - urn:li:lyndaCourse:2237444,CONTENT METADATA NO LONGER EXISTS - urn:li:lyndaCourse:2237444,Course,2020-02-07 17:53 UTC,N/A,false,N/A,
Amazon Web Services Machine Learning Essential Training,"Amazon Web Services (AWS) offers a wealth of services and tools that help data scientists leverage machine learning to craft better, more intelligent solutions. In this course, learn about patterns, services, processes, and best practices for designing and implementing machine learning using AWS. Instructor Lynn Langit takes a look at general machine learning concepts, including key machine learning algorithm types. She also examines available service types, such as AWS Machine Learning, Lex, Polly, and Rekognition, which you can use to predict image and video labels. Plus, she steps through how to work with platforms like AWS SageMaker, which includes hosted Jupyter notebooks.",Course,2019-12-19 19:05 UTC,N/A,false,N/A,
