Title,Description,Url,Started On,Finished On
Effect of recession on university Towns During recession ,"•	Determined the severity of economic recessions through quarterly analysis, using live data        ⠀collected from Zillow, Wikipedia pages on college towns, and data from the US Department of  ⠀⠀⠀ ⠀Commerce’s Bureau of Economic Analysis.  •	Developed an algorithm to automatically complete data analysis, increasing internal efficiency by   ⠀7%; tested project hypotheses through t-testing. ",,Jul 2018,Dec 2018
Sentiment Analysis for Twitter ,•	Applied software development and machine learning techniques to analyze sentiment learning in ⠀⠀⠀ ⠀Twitter data. •	Implemented an LDA vector model to classify words by their sentiments; used these classifications ⠀⠀⠀ ⠀and developed a model that predicted tweet sentiments with 70% accuracy. ,,Jan 2019,Mar 2019
Classification and summarization ,•	Created a program that summarized and classified weather articles related to the university town ⠀⠀⠀ ⠀through beautiful soup Library; developed a numerical summarizer using Naive Bayes and KNN for ⠀⠀⠀ ⠀classification.,,Jan 2019,Mar 2019
Predicting Future Citations in Patents,"▪ Utilized machine learning to develop a model that predicted the citation of research papers in patents; ⠀the model boasted 90% accuracy in its predictions. ▪ Carried out classification using Random Forest classifier on the Altmetrics Website dataset. ▪ Improvised using a tensor flow system to build and train models, implementing Keras API to create a    ⠀sequential model.",,Aug 2018,Dec 2018
Fluid Level monitor using IOT based system ,•	Configured an ultrasonic sensor that collected data and relayed it to the internet through a Wi-Fi ⠀⠀⠀ ⠀module; transmission enabled worldwide access to sensor data and integrated it to an online server ⠀⠀⠀ ⠀at iotgecko.com.  •	Programmed the project in embedded C with a visual output for the project’s website ,,Jan 2017,Apr 2017
Airplane Reservation System ,•	Built an application that displayed Airport Systems and designed an associated Applet with a database ⠀as backend. •	Programmed the project with Java for frontend and JDBC ⠀as the backend; increased efficiency 10% by ⠀the project’s end. ,,Apr 2017,Jun 2017
Inventory Management System ,"•	Designed an E-commerce system based on SQL, and developed the project using Microsoft Access. •	Led a team of 2 developers and utilized expertise with project management and the software ⠀⠀⠀ ⠀development lifecycle to complete the project 10% ahead of schedule. ",,Feb 2018,Apr 2018
Journal Recommendation System Using Weighted TAU,"▪ Developed a dynamic algorithm for better analysis increasing the efficiency by 15%; calculated hypothesis with Tau measure and LDA model. ▪ Executed a unique recommendation system by isolating required data from the Altmetrics dataset. ▪ Improved implementation using AWS (Amazon web services) – SageMaker, machine learning service to deploy them onto a machine ready environment.",https://github.com/kethan-sai/Journal-Recommendation-system-using-weighted-tau.git,Jan 2019,Apr 2019
