Saved Search Date,Jobs Search Url
"4/14/20, 3:52 PM",https://www.linkedin.com/jobs/search?keywords=data+analyst&distance=25%2E000000000000004&locationId=PLACES%2Eus%2E1-1-0-19-3&f_C=737024&orig=JOB_ALERT
"4/14/20, 3:52 PM",https://www.linkedin.com/jobs/search?keywords=software+engineer&distance=25%2E000000000000004&locationId=PLACES%2Eus%2E1-1-0-19-3&f_C=737024&orig=JOB_ALERT
"7/29/19, 3:01 PM",https://www.linkedin.com/jobs/search?keywords=Software+Engineer&locationId=OTHERS%2Eworldwide&f_E=1%2C2&orig=JOB_ALERT
"7/29/19, 3:00 PM",https://www.linkedin.com/jobs/search?keywords=Software+Engineer&locationId=OTHERS%2Eworldwide&orig=JOB_ALERT
