Application Date,Job Url,Job Title,Company Name,Contact Email,Contact Phone Number,Resume Name
"4/14/20, 9:06 PM",http://www.linkedin.com/jobs/view/1803748391,Application Developer,Medecision,ykethansai@gmail.com, +1(815)-764-7147,Sai Resume.docx
"4/8/20, 8:32 PM",http://www.linkedin.com/jobs/view/1799335863,Software Engineer,MechaSpin,ykethansai@gmail.com, +1(815)-764-7147,Sai Resume.docx
"4/8/20, 4:50 AM",http://www.linkedin.com/jobs/view/1816604214,Software Developer (Back-end),Alexander Technology Group,ykethansai@gmail.com, +1(815)-764-7147,Sai Resume.docx
"4/8/20, 4:50 AM",http://www.linkedin.com/jobs/view/1787429478,Software Developer ,Softworld,ykethansai@gmail.com, +1(815)-764-7147,Sai Resume.docx
"4/8/20, 4:29 AM",http://www.linkedin.com/jobs/view/1817695286,Software Engineer,LFD Studios,ykethansai@gmail.com, +1(815)-764-7147,Sai Resume.docx
"4/8/20, 4:28 AM",http://www.linkedin.com/jobs/view/1794129891,Software Engineer,RStor,ykethansai@gmail.com, +1(815)-764-7147,Sai Resume.docx
"4/8/20, 4:28 AM",http://www.linkedin.com/jobs/view/1794136326,Software Engineer,National Oilwell Varco,ykethansai@gmail.com, +1(815)-764-7147,Sai Resume.docx
"4/8/20, 4:27 AM",http://www.linkedin.com/jobs/view/1813600889,Software Engineer,Selby Jennings,ykethansai@gmail.com, +1(815)-764-7147,Sai Resume.docx
"4/8/20, 4:27 AM",http://www.linkedin.com/jobs/view/1787556923,Software Engineer,AdaCore,ykethansai@gmail.com, +1(815)-764-7147,Sai Resume.docx
"4/6/20, 7:55 PM",http://www.linkedin.com/jobs/view/1788968644,Software Engineer,Tyler Technologies,ykethansai@gmail.com, +1(815)-764-7147,Sai Resume.docx
"4/6/20, 8:44 AM",http://www.linkedin.com/jobs/view/1809302435,Software Engineer,BrightHive,ykethansai@gmail.com, +1(815)-764-7147,Sai Resume.docx
"4/6/20, 8:22 AM",http://www.linkedin.com/jobs/view/1808036871,Software Engineer,Maxeta Technologies,ykethansai@gmail.com, +1(815)-764-7147,Sai Resume.docx
"4/6/20, 8:21 AM",http://www.linkedin.com/jobs/view/1809580733,Software Engineer,NEO Tracker,ykethansai@gmail.com, +1(815)-764-7147,Sai Resume.docx
"4/6/20, 8:03 AM",http://www.linkedin.com/jobs/view/1810709444,Software Solutions Engineer,Aras Corporation,ykethansai@gmail.com, +1(815)-764-7147,Sai Resume.docx
"4/4/20, 11:59 AM",http://www.linkedin.com/jobs/view/1788385939,Software Engineer,Tata Consultancy Services,ykethansai@gmail.com, +1(815)-764-7147,Sai Resume.docx
"4/4/20, 11:58 AM",http://www.linkedin.com/jobs/view/1766926690,Software Engineer,Yext,ykethansai@gmail.com, +1(815)-764-7147,Sai Resume.docx
"4/4/20, 11:56 AM",http://www.linkedin.com/jobs/view/1809695893,Software Engineer,GSOBA,ykethansai@gmail.com, +1(815)-764-7147,Sai Resume.docx
"4/4/20, 11:54 AM",http://www.linkedin.com/jobs/view/1803579985,"Software Engineer, New Grad",Nand Capital,ykethansai@gmail.com, +1(815)-764-7147,Sai Resume.docx
"4/4/20, 11:33 AM",http://www.linkedin.com/jobs/view/1761747208,Software Engineer,Skills Pipeline,ykethansai@gmail.com, +1(815)-764-7147,Sai Resume.docx
"4/4/20, 11:32 AM",http://www.linkedin.com/jobs/view/1721996280,Software Engineer,Brooksource,ykethansai@gmail.com, +1(815)-764-7147,Sai Resume.docx
"3/29/20, 12:15 PM",http://www.linkedin.com/jobs/view/1776886548,"Backend Software Engineer, Boulder, CO",Verily Life Sciences,ykethansai@gmail.com, +1(815)-764-7147,Sai_Resume.docx
"3/26/20, 10:37 PM",http://www.linkedin.com/jobs/view/1799398695,Software Engineer Intern,Addteq,ykethansai@gmail.com, +1(815)-764-7147,Sai_Resume.docx
"3/17/20, 8:56 PM",http://www.linkedin.com/jobs/view/1766053910,Software Engineer Intern,"Double Line, Inc.",ykethansai@gmail.com, +1(815)-764-7147,Sai_Resume.docx
"3/17/20, 6:31 PM",http://www.linkedin.com/jobs/view/1618667931,Software Engineer Intern,"NetBeez, Inc.",ykethansai@gmail.com, +1(815)-764-7147,Sai_Resume.docx
"3/16/20, 4:59 PM",http://www.linkedin.com/jobs/view/1782264189,Software Engineer,Launchable Inc,ykethansai@gmail.com, +1(815)-764-7147,Sai_Resume.docx
"3/14/20, 3:20 PM",http://www.linkedin.com/jobs/view/1780456556,Software Engineer Grad,Pure Storage,ykethansai@gmail.com, +1(815)-764-7147,Sai_Resume.docx
"3/14/20, 3:18 PM",http://www.linkedin.com/jobs/view/1757818795,Software Engineer - Algo Trading,Radley James,ykethansai@gmail.com, +1(815)-764-7147,Sai_Resume.docx
"3/13/20, 9:58 AM",http://www.linkedin.com/jobs/view/1781134562,Software Engineer 2,Walmart International Design,ykethansai@gmail.com, +1(815)-764-7147,Sai_Resume.docx
"3/13/20, 8:54 AM",http://www.linkedin.com/jobs/view/1781479192,Python Developer - Data Engineer,"CPS, Inc.",ykethansai@gmail.com, +1(815)-764-7147,Sai_Resume.docx
"3/13/20, 8:25 AM",http://www.linkedin.com/jobs/view/1782251660,Junior Software Developer,mthree,ykethansai@gmail.com, +1(815)-764-7147,Sai_Resume.docx
"3/12/20, 12:07 PM",http://www.linkedin.com/jobs/view/1759033601,Software Engineer I,Myndshft,ykethansai@gmail.com, +1(815)-764-7147,Sai_Resume.docx
"3/12/20, 11:46 AM",http://www.linkedin.com/jobs/view/1779223530,Software Developer,Silverchair,ykethansai@gmail.com, +1(815)-764-7147,Sai_Resume.docx
"3/12/20, 11:15 AM",http://www.linkedin.com/jobs/view/1756408950,Jr. Java Developer,Synechron,ykethansai@gmail.com, +1(815)-764-7147,Sai_Resume.docx
"3/9/20, 4:14 PM",http://www.linkedin.com/jobs/view/1767250626,"Software Engineer, Enterprise Productivity",LinkedIn,ykethansai@gmail.com, +1(815)-764-7147,Sai_Resume.docx
"2/13/20, 7:08 AM",http://www.linkedin.com/jobs/view/1725962884,Software Engineer,Tata Consultancy Services,ykethansai@gmail.com, +1(815)-764-7147,Sai Resume.docx
"2/11/20, 8:18 AM",http://www.linkedin.com/jobs/view/1725967037,Software Engineer,Tata Consultancy Services,ykethansai@gmail.com, +1(815)-764-7147,Sai Resume.docx
"2/10/20, 9:47 AM",http://www.linkedin.com/jobs/view/1732833663,"Principal Sofware Engineer- Distributed Systems, Java, C++ or PythonJoinOCI",Oracle,ykethansai@gmail.com, +1(815)-764-7147,Sai Resume.docx
"2/10/20, 9:46 AM",http://www.linkedin.com/jobs/view/1725176891,C++ Developer,Nicoll Curtin,ykethansai@gmail.com, +1(815)-764-7147,Sai Resume.docx
"2/8/20, 1:59 PM",http://www.linkedin.com/jobs/view/1705892806,Software Engineer,Alegeus,ykethansai@gmail.com, +1(815)-764-7147,Sai Resume.docx
"2/6/20, 7:00 AM",http://www.linkedin.com/jobs/view/1713527868,New College Grad - Sr. Software Engineer (Masters Degree) - Multiple Locations,Visa,ykethansai@gmail.com, +1(815)-764-7147,Sai Resume.docx
"2/6/20, 6:50 AM",http://www.linkedin.com/jobs/view/1626394927,Software Engineering Intern - Immediate Hire (Recent Grad or Co-Op) - CR,Verisk,ykethansai@gmail.com, +1(815)-764-7147,Sai Resume.docx
"2/5/20, 6:51 AM",http://www.linkedin.com/jobs/view/1721480029,Data Python Software Engineer,Enervee,ykethansai@gmail.com, +1(815)-764-7147,Sai Resume.docx
"1/31/20, 11:09 PM",http://www.linkedin.com/jobs/view/1708721653,Software Engineer,Beyondsoft,ykethansai@gmail.com, +1(815)-764-7147,Sai Resume.docx
"1/31/20, 11:07 PM",http://www.linkedin.com/jobs/view/1643290277,Programmer,NextShift,ykethansai@gmail.com, +1(815)-764-7147,Sai Resume.docx
"1/31/20, 11:05 PM",http://www.linkedin.com/jobs/view/1710024866,Programmer,ZEEKTEK,ykethansai@gmail.com, +1(815)-764-7147,Sai Resume.docx
"1/31/20, 11:05 PM",http://www.linkedin.com/jobs/view/1689895463,Junior Software Engineer,Brooksource,ykethansai@gmail.com, +1(815)-764-7147,Sai Resume.docx
"1/30/20, 7:17 AM",http://www.linkedin.com/jobs/view/1694687425,Software Engineer,Alegeus,ykethansai@gmail.com, +1(815)-764-7147,Sai Resume.docx
"1/29/20, 6:35 PM",http://www.linkedin.com/jobs/view/1702336998,Software Engineer - Storage (CA),Rancher Labs,ykethansai@gmail.com, +1(815)-764-7147,Sai Resume.docx
"1/18/20, 7:45 AM",http://www.linkedin.com/jobs/view/1653407347,Associate Software Engineer in Test,Kargo,ykethansai@gmail.com, +1(815)-764-7147,Sai_Resume.pdf
"1/17/20, 7:05 PM",http://www.linkedin.com/jobs/view/1690703846,Digital Solutions Software Developer (Entry-Level),"Armstrong Flooring, Inc.",ykethansai@gmail.com, +1(815)-764-7147,Sai_Resume.pdf
"1/17/20, 7:00 PM",http://www.linkedin.com/jobs/view/1648426651,Software Engineer,CyberCoders,ykethansai@gmail.com, +1(815)-764-7147,Sai_Resume.pdf
"1/17/20, 12:27 PM",http://www.linkedin.com/jobs/view/1690752393,Software Engineer,Saviynt,ykethansai@gmail.com, +1(815)-764-7147,Sai_Resume.pdf
"1/14/20, 4:35 PM",http://www.linkedin.com/jobs/view/1639034217,Bilingual Entry level Software Engineer,Marlabs Inc.,ykethansai@gmail.com, +1(815)-764-7147,Sai_Resume.pdf
"1/14/20, 4:34 PM",http://www.linkedin.com/jobs/view/1688949155,Junior Software Engineer,Cyborg Inc.,ykethansai@gmail.com, +1(815)-764-7147,Sai_Resume.pdf
"1/8/20, 6:14 PM",http://www.linkedin.com/jobs/view/1676670991,Entry Level Software Developer,Tata Consultancy Services,ykethansai@gmail.com, +1(815)-764-7147,Sai_Resume.pdf
"1/8/20, 5:42 PM",http://www.linkedin.com/jobs/view/1437189374,Core Platform Developer,Quantitative Systems,ykethansai@gmail.com, +1(815)-764-7147,Sai_Resume.pdf
"1/7/20, 6:56 PM",http://www.linkedin.com/jobs/view/1676668478,Junior Software Developer,mthree,ykethansai@gmail.com, +1(815)-764-7147,Sai_Resume.pdf
"1/2/20, 8:04 PM",http://www.linkedin.com/jobs/view/1407292770,Junior Software Engineer,Comlinkdata,ykethansai@gmail.com, +1(815)-764-7147,Sai_Resume.pdf
"1/1/20, 4:37 PM",http://www.linkedin.com/jobs/view/1541330926,Software Engineer Grad,Pure Storage,ykethansai@gmail.com, +1(815)-764-7147,Sai_Resume.pdf
"12/26/19, 5:26 PM",http://www.linkedin.com/jobs/view/1529813330,New Grads 2020,Fortinet,ykethansai@gmail.com, +1(815)-764-7147,Sai_Resume.pdf
"12/26/19, 5:23 PM",http://www.linkedin.com/jobs/view/1651180322,Entry Level Software developer,Tata Consultancy Services,ykethansai@gmail.com, +1(815)-764-7147,Sai_Resume.pdf
"12/26/19, 2:28 PM",http://www.linkedin.com/jobs/view/1616625910,Entry level Software Engineer,Marlabs Inc.,ykethansai@gmail.com, +1(815)-764-7147,Sai_Resume.pdf
"12/22/19, 6:08 PM",http://www.linkedin.com/jobs/view/1618016491,"Software Engineer (Python, C++)",UST Global,ykethansai@gmail.com, +1(815)-764-7147,Sai_Resume.pdf
"12/22/19, 5:54 PM",http://www.linkedin.com/jobs/view/1635560078,Software Engineer,IMSI,ykethansai@gmail.com, +1(815)-764-7147,Sai_Resume.pdf
"12/22/19, 5:53 PM",http://www.linkedin.com/jobs/view/1649391937,Machine Learning Engineer,Vivid Resourcing Ltd,ykethansai@gmail.com, +1(815)-764-7147,Sai_Resume.pdf
"12/22/19, 5:02 PM",http://www.linkedin.com/jobs/view/1647879080,Entry Level Software Applications Engineer,Universal Electronics,ykethansai@gmail.com, +1(815)-764-7147,Sai_Resume.pdf
"12/22/19, 7:29 AM",http://www.linkedin.com/jobs/view/1373337069,"Software Engineer (Cambridge, MA)",Verily Life Sciences,ykethansai@gmail.com, +1(815)-764-7147,Sai_Resume.pdf
"12/20/19, 10:39 AM",http://www.linkedin.com/jobs/view/1651188950,Entry level Software Developer,Tata Consultancy Services,ykethansai@gmail.com, +1(815)-764-7147,Sai_Resume.pdf
"12/20/19, 10:32 AM",http://www.linkedin.com/jobs/view/1642733291,Junior Data Engineer,SThree,ykethansai@gmail.com, +1(815)-764-7147,Sai_Resume.pdf
"12/20/19, 10:17 AM",http://www.linkedin.com/jobs/view/1575160142,"2020 Software Engineer, New Graduate",Yext,ykethansai@gmail.com, +1(815)-764-7147,Sai_Resume.pdf
"12/20/19, 9:43 AM",http://www.linkedin.com/jobs/view/1607390644,C++ Engineer,"CPS, Inc.",ykethansai@gmail.com, +1(815)-764-7147,Sai_Resume.pdf
"12/20/19, 8:17 AM",http://www.linkedin.com/jobs/view/671895114,Portfolio Management Software Developer,Quantitative Systems,ykethansai@gmail.com, +1(815)-764-7147,Sai_Resume.pdf
"12/19/19, 10:02 PM",http://www.linkedin.com/jobs/view/1653377322,Software Developer Analyst,"Replacements, Ltd.",ykethansai@gmail.com, +1(815)-764-7147,Sai_Resume.pdf
"12/19/19, 9:58 PM",http://www.linkedin.com/jobs/view/1650083039,Software Developer for Data Science,KUKA Systems North America LLC,ykethansai@gmail.com, +1(815)-764-7147,Sai_Resume.pdf
"12/18/19, 3:21 PM",http://www.linkedin.com/jobs/view/1404067783,"Software Engineer, Media",Airtime,ykethansai@gmail.com, +1(815)-764-7147,Sai_Resume.pdf
"12/18/19, 3:04 PM",http://www.linkedin.com/jobs/view/1645888944,Software Engineer,Technology Start-Up,ykethansai@gmail.com, +18157647147,EA-Sai_Resume.pdf
"12/17/19, 7:35 PM",http://www.linkedin.com/jobs/view/1648138091,Software Engineer,Innovation Works,ykethansai@gmail.com, +18157647147,EA-Sai_Resume.pdf
"12/17/19, 10:15 AM",http://www.linkedin.com/jobs/view/1650066880,Software Engineer,West Michigan Search Group,ykethansai@gmail.com, +18157647147,EA-Sai Resume.docx
"12/17/19, 9:02 AM",http://www.linkedin.com/jobs/view/1625008027,Software Engineer,andculture,ykethansai@gmail.com, +18157647147,EA-Sai Resume.docx
"12/16/19, 4:15 PM",http://www.linkedin.com/jobs/view/1483123850,Audio Software Engineer,Roblox,ykethansai@gmail.com, +18157647147,EA-Sai Resume.docx
"12/14/19, 3:51 PM",http://www.linkedin.com/jobs/view/1629021839,Software Engineer,Orchestrade Financial Systems,ykethansai@gmail.com, +18157647147,EA-Sai Resume.docx
"12/8/19, 7:29 PM",http://www.linkedin.com/jobs/view/1611220051,Software Engineer - C or C++,Volt Workforce Solutions,ykethansai@gmail.com,(815) 764-7147,kethansai_yaram.docx
"12/5/19, 8:54 AM",http://www.linkedin.com/jobs/view/1618555626,Software Engineer,"Reliance One, Inc.",ykethansai@gmail.com, +18157647147,EA-kethansai_yaram.docx
"12/5/19, 8:53 AM",http://www.linkedin.com/jobs/view/1592063943,Software Engineer - C or C++,Volt Workforce Solutions,ykethansai@gmail.com,8157647147,kethan_sai_yaram.docx
"12/5/19, 8:44 AM",http://www.linkedin.com/jobs/view/1609006621,Software Engineer (C++),Launch Consulting Group,ykethansai@gmail.com,8157647147,kethan_sai_yaram.docx
"12/5/19, 8:44 AM",http://www.linkedin.com/jobs/view/1605306513,Software Engineer,Workbridge Associates,ykethansai@gmail.com,8157647147,kethan_sai_yaram.docx
"12/5/19, 8:44 AM",http://www.linkedin.com/jobs/view/1636765759,Software Developer,IMCS Group,ykethansai@gmail.com,8157647147,kethan_sai_yaram.docx
"12/5/19, 8:43 AM",http://www.linkedin.com/jobs/view/1598150553,Software Engineer,Brooksource,ykethansai@gmail.com, +18157647147,EA-kethansai_yaram.docx
"12/5/19, 8:43 AM",http://www.linkedin.com/jobs/view/1634123538,Software Engineer,HUNTER Technical Resources - htrjobs.com,ykethansai@gmail.com,8157647147,kethan_sai_yaram.docx
"12/5/19, 8:43 AM",http://www.linkedin.com/jobs/view/1584230143,Software Data Engineer,Jobspring Partners,ykethansai@gmail.com,8157647147,kethan_sai_yaram.docx
"12/4/19, 10:49 PM",http://www.linkedin.com/jobs/view/1596576593,Software Engineer,NetApp,ykethansai@gmail.com,8157647147,kethan_sai_yaram.docx
"12/4/19, 10:43 PM",http://www.linkedin.com/jobs/view/1472973735,Software Engineer,Intellipro Group Inc,ykethansai@gmail.com, +18157647147,EA-kethansai_yaram.docx
"12/2/19, 9:00 PM",http://www.linkedin.com/jobs/view/1586921426,Software Engineer,Scale Computing,ykethansai@gmail.com, +18157647147,EA-kethan_sai_yaram.docx
"11/29/19, 4:56 PM",http://www.linkedin.com/jobs/view/1562889425,Junior Developer,TLS Advisors LLC,ykethansai@gmail.com, +18157647147,EA-kethansaiyaram.docx
"11/27/19, 8:59 PM",http://www.linkedin.com/jobs/view/1592060788,Programmer Analyst I,Bayside Solutions,ykethansai@gmail.com,8157647147,kethan_sai_yaram.docx
"11/27/19, 8:59 PM",http://www.linkedin.com/jobs/view/1498350905,Backend Developer,Aerotek,ykethansai@gmail.com, +18157647147,EA-kethan_sai_yaram.docx
"11/27/19, 8:58 PM",http://www.linkedin.com/jobs/view/1626438672,Software Developer,IMCS Group,ykethansai@gmail.com,8157647147,kethan_sai_yaram.docx
"11/27/19, 8:58 PM",http://www.linkedin.com/jobs/view/1626785534,Jr. Software Engineer,AASKI Technology,ykethansai@gmail.com,8157647147,kethan_sai_yaram.docx
"11/27/19, 8:58 PM",http://www.linkedin.com/jobs/view/1626976919,SQA Engineer,Alexander Technology Group,ykethansai@gmail.com,8157647147,kethan_sai_yaram.docx
"11/27/19, 8:58 PM",http://www.linkedin.com/jobs/view/1592045393,UI Developer,Vlocity,ykethansai@gmail.com,8157647147,kethan_sai_yaram.docx
"11/27/19, 8:58 PM",http://www.linkedin.com/jobs/view/1592063871,Entry Level Software Engineer - C/C++,Volt Workforce Solutions,ykethansai@gmail.com,8157647147,kethan_sai_yaram.docx
"11/27/19, 8:58 PM",http://www.linkedin.com/jobs/view/1626825447,Software Developer,Collabera Inc.,ykethansai@gmail.com,8157647147,kethan_sai_yaram.docx
"11/27/19, 8:57 PM",http://www.linkedin.com/jobs/view/1477812907,"Software Engineer, Data",CB Insights,ykethansai@gmail.com,8157647147,kethan_sai_yaram.docx
"11/27/19, 8:57 PM",http://www.linkedin.com/jobs/view/1625698838,.NET Developer (5286),Morton,ykethansai@gmail.com,8157647147,kethan_sai_yaram.docx
"11/27/19, 8:57 PM",http://www.linkedin.com/jobs/view/1481236100,Software Engineer,"Cohu, Inc.",ykethansai@gmail.com, +18157647147,EA-kethan_sai_yaram.docx
"11/27/19, 8:54 PM",http://www.linkedin.com/jobs/view/1557128759,Junior Software Engineer,Brooksource,ykethansai@gmail.com,8157647147,kethan_sai_yaram.docx
"11/27/19, 8:54 PM",http://www.linkedin.com/jobs/view/1560653864,Graduate Software Engineer,SeeByte,ykethansai@gmail.com,8157647147,kethan_sai_yaram.docx
"11/27/19, 8:53 PM",http://www.linkedin.com/jobs/view/1592041105,Java Developer - 19-06981,Infinity Consulting Solutions,ykethansai@gmail.com,8157647147,kethan_sai_yaram.docx
"11/27/19, 8:53 PM",http://www.linkedin.com/jobs/view/1578581806,Frontend Java developer,Idexcel,ykethansai@gmail.com,8157647147,kethan_sai_yaram.docx
"11/27/19, 8:53 PM",http://www.linkedin.com/jobs/view/1626435870,Junior Developer,Simone & Associates,ykethansai@gmail.com,8157647147,kethan_sai_yaram.docx
"11/27/19, 8:52 PM",http://www.linkedin.com/jobs/view/1625968147,Java Software Engineer - Minneapolis,Magenic,ykethansai@gmail.com,8157647147,kethan_sai_yaram.docx
"11/27/19, 8:52 PM",http://www.linkedin.com/jobs/view/1559062622,Junior Software Engineer,Idexcel,ykethansai@gmail.com,8157647147,kethan_sai_yaram.docx
"11/23/19, 10:03 AM",http://www.linkedin.com/jobs/view/1538122674,Jr Java Developer,Brooksource,ykethansai@gmail.com, +18157647147,EA-kethan_sai_yaram.docx
"11/23/19, 10:03 AM",http://www.linkedin.com/jobs/view/1621928744,Software QA Engineer,CNSI,ykethansai@gmail.com,8157647147,kethan_sai_yaram.docx
"11/23/19, 10:03 AM",http://www.linkedin.com/jobs/view/1621392921,Software Developer - Back end,Alexander Technology Group,ykethansai@gmail.com,8157647147,kethan_sai_yaram.docx
"11/23/19, 10:02 AM",http://www.linkedin.com/jobs/view/1581990683,Entry Level Software Engineer - C /C++,Volt Workforce Solutions,ykethansai@gmail.com,8157647147,kethan_sai_yaram.docx
"11/23/19, 10:02 AM",http://www.linkedin.com/jobs/view/1584227510,Full Stack Developer,BCforward,ykethansai@gmail.com,8157647147,kethan_sai_yaram.docx
"11/23/19, 10:02 AM",http://www.linkedin.com/jobs/view/1618628551,Software Engineer,Rocket Software,ykethansai@gmail.com, +18157647147,EA-kethan_sai_yaram.docx
"11/23/19, 10:01 AM",http://www.linkedin.com/jobs/view/1584200391,QA Automation Engineer / SDET,VanderHouwen,ykethansai@gmail.com,8157647147,kethan_sai_yaram.docx
"11/23/19, 10:01 AM",http://www.linkedin.com/jobs/view/1621091498,Mobile Developer / Android / Xamarin,Workbridge Associates,ykethansai@gmail.com,8157647147,kethan_sai_yaram.docx
"11/23/19, 10:01 AM",http://www.linkedin.com/jobs/view/1621422791,Core Java - 19-06941,Infinity Consulting Solutions,ykethansai@gmail.com,8157647147,kethan_sai_yaram.docx
"11/23/19, 10:00 AM",http://www.linkedin.com/jobs/view/1578583827,Software Engineer,Horizontal,ykethansai@gmail.com,8157647147,kethan_sai_yaram.docx
"11/19/19, 10:10 AM",http://www.linkedin.com/jobs/view/1572493458,Junior Software Test Engineer,Manpower,ykethansai@gmail.com,8157647147,kethan_sai_yaram.docx
"11/19/19, 10:10 AM",http://www.linkedin.com/jobs/view/1611355490,Software Engineer,AASKI Technology,ykethansai@gmail.com,8157647147,kethan_sai_yaram.docx
"11/19/19, 10:09 AM",http://www.linkedin.com/jobs/view/1605831117,Junior Software Engineer,STONE Resource Group,ykethansai@gmail.com, +18157647147,EA-kethan_sai_yaram.docx
"11/19/19, 10:09 AM",http://www.linkedin.com/jobs/view/1607952615,Software Engineer I,HERE Technologies,ykethansai@gmail.com,8157647147,kethan_sai_yaram.docx
"11/19/19, 10:09 AM",http://www.linkedin.com/jobs/view/1535890455,Software Development Engineer,Adobe,ykethansai@gmail.com,8157647147,kethan_sai_yaram.docx
"11/19/19, 10:08 AM",http://www.linkedin.com/jobs/view/1615415538,Jr. Support Application Developer,Prestige Staffing,ykethansai@gmail.com,8157647147,kethan_sai_yaram.docx
"11/19/19, 10:08 AM",http://www.linkedin.com/jobs/view/1565999176,Software Engineer,CERES Group,ykethansai@gmail.com,8157647147,kethan_sai_yaram.docx
"11/19/19, 10:07 AM",http://www.linkedin.com/jobs/view/1610134808,Software Engineer (Analytics/Platform),Optomi,ykethansai@gmail.com,8157647147,kethan_sai_yaram.docx
"11/19/19, 10:07 AM",http://www.linkedin.com/jobs/view/1554480413,Software Engineer,Staff Management | SMX,ykethansai@gmail.com,8157647147,kethan_sai_yaram.docx
"11/19/19, 10:06 AM",http://www.linkedin.com/jobs/view/1606781132,Software Engineer,Alexander Technology Group,ykethansai@gmail.com,8157647147,kethan_sai_yaram.docx
"11/19/19, 10:06 AM",http://www.linkedin.com/jobs/view/1614810771,Software Developer,IMCS Group,ykethansai@gmail.com,8157647147,kethan_sai_yaram.docx
"11/19/19, 10:06 AM",http://www.linkedin.com/jobs/view/1615053282,"Software Engineer II, Platform",Dataminr,ykethansai@gmail.com,8157647147,kethan_sai_yaram.docx
"11/19/19, 10:05 AM",http://www.linkedin.com/jobs/view/1572429727,Software Engineer,Conversica,ykethansai@gmail.com,8157647147,kethan_sai_yaram.docx
"11/19/19, 10:03 AM",http://www.linkedin.com/jobs/view/1614887600,Junior Software Engineer,Brooksource,ykethansai@gmail.com,8157647147,kethan_sai_yaram.docx
"11/19/19, 10:03 AM",http://www.linkedin.com/jobs/view/1566344775,Software Engineer,Aerotek,ykethansai@gmail.com,8157647147,kethan_sai_yaram.docx
"11/19/19, 10:02 AM",http://www.linkedin.com/jobs/view/1573137767,Software Engineer,Synamedia,ykethansai@gmail.com, +18157647147,EA-kethan_sai_yaram.docx
"11/19/19, 10:01 AM",http://www.linkedin.com/jobs/view/1608386444,Associate Software Engineer,PTC,ykethansai@gmail.com, +18157647147,EA-kethan_sai_yaram.docx
"11/19/19, 10:01 AM",http://www.linkedin.com/jobs/view/1598520958,Software Engineer ,Signature Consultants,ykethansai@gmail.com,8157647147,kethan_sai_yaram.docx
"11/19/19, 10:00 AM",http://www.linkedin.com/jobs/view/1593000149,Software Engineer SME,Softworld,ykethansai@gmail.com,8157647147,kethan_sai_yaram.docx
"11/18/19, 1:19 PM",http://www.linkedin.com/jobs/view/1614869009,C++ Software Developer,Jobspring Partners,ykethansai@gmail.com,8157647147,kethan_sai_yaram.docx
"11/10/19, 7:14 AM",http://www.linkedin.com/jobs/view/1603296585,Software Engineer,Skillsoft,ykethansai@gmail.com,(815)-7647147,kethan_sai_yaram.docx
"11/5/19, 6:33 PM",http://www.linkedin.com/jobs/view/1550929608,Junior Level Software Engineer & Developer,Hexaware Technologies,ykethansai@gmail.com, +18157647147,EA-kethan_sai_yaram.docx
"11/5/19, 5:48 PM",http://www.linkedin.com/jobs/view/1550931214,Software Engineer,"Fast Enterprises, LLC",ykethansai@gmail.com, +18157647147,EA-kethan_sai_yaram.docx
"11/2/19, 9:36 AM",http://www.linkedin.com/jobs/view/1545520290,Software Engineer,Adobe,ykethansai@gmail.com,8157647147,kethan_sai_yaram.docx
"10/28/19, 6:23 PM",http://www.linkedin.com/jobs/view/1455609565,Analyst - Digital Analytics (Recent Grads Only),Nabler,ykethansai@gmail.com, +18157647147,EA-kethansaiyaram.docx
"10/26/19, 9:45 AM",http://www.linkedin.com/jobs/view/1491097913,Jr. Software Engineer,XTec Incorporated,ykethansai@gmail.com, +18157647147,EA-kethan_sai_yaram.docx
"10/26/19, 9:39 AM",http://www.linkedin.com/jobs/view/1569987385,Junior Software Developer,CHR Solutions,ykethansai@gmail.com, +18157647147,EA-kethan_sai_yaram.docx
"10/26/19, 9:10 AM",http://www.linkedin.com/jobs/view/1521144783,Junior Software Developer,Tata Consultancy Services,ykethansai@gmail.com, +18157647147,EA-kethan_sai_yaram.docx
"10/26/19, 9:06 AM",http://www.linkedin.com/jobs/view/1569919765,Junior Software Engineer,Crawford Thomas Recruiting,ykethansai@gmail.com,8157647147,kethan_sai_yaram.docx
"10/8/19, 11:40 AM",http://www.linkedin.com/jobs/view/1494617798,Data Engineer,SDL plc,ykethansai@gmail.com, +18157647147,EA-kethansaiyaram.docx
"10/6/19, 12:10 PM",http://www.linkedin.com/jobs/view/1486770502,Software Engineer,Adobe,ykethansai@gmail.com,8157647147,kethansaiyaram.docx
"10/3/19, 8:08 AM",http://www.linkedin.com/jobs/view/1496960766,Data Analytics,Tata Consultancy Services,ykethansai@gmail.com, +18157647147,EA-LinkedIn-Generated-Resume.pdf
"9/25/19, 2:13 PM",http://www.linkedin.com/jobs/view/1481307645,Software Engineer-Junior,HCL Technologies,ykethansai@gmail.com, +18157647147,EA-kethansaiyaram.docx
"9/25/19, 2:05 PM",http://www.linkedin.com/jobs/view/1521380066,Software Engineer,Apex Systems,ykethansai@gmail.com, +18157647147,EA-kethansaiyaram.docx
"9/22/19, 11:20 AM",http://www.linkedin.com/jobs/view/1455451329,Software Engineer Grad,Pure Storage,ykethansai@gmail.com, +18157647147,EA-kethan_sai_yaram.docx
"9/18/19, 12:46 PM",http://www.linkedin.com/jobs/view/1459942505,Entry Level Software Developer,Tata Consultancy Services,ykethansai@gmail.com, +18157647147,EA-kethan_sai_yaram.docx
"9/15/19, 10:56 AM",http://www.linkedin.com/jobs/view/1457644911,Software Developer,Acronis,ykethansai@gmail.com,8157647147,kethan_sai_yaram.docx
"7/22/19, 11:24 AM",http://www.linkedin.com/jobs/view/1348339100,Summer Intern - GeoSpatial Big Data,Verisk,ykethansai@gmail.com, +18157647147,EA-kethansaiyaram.pdf
"7/19/19, 9:54 AM",http://www.linkedin.com/jobs/view/1377652241,Junior Software Engineer,Talener,ykethansai@gmail.com,(815) 764-7147,kethansaiyaram.pdf
"7/19/19, 9:53 AM",http://www.linkedin.com/jobs/view/1377879563,Junior Software Developer (Starting Summer 2019),Solstice,ykethansai@gmail.com,(815) 764-7147,kethansaiyaram.pdf
"7/15/19, 1:51 PM",http://www.linkedin.com/jobs/view/1354238233,Entry Level Software Developer Role Starting in July!,Capgemini,ykethansai@gmail.com,(815) 764-7147,kethansaiyaram.pdf
"7/15/19, 1:50 PM",http://www.linkedin.com/jobs/view/1304274741,Lead Front End Developer,Virtusa,ykethansai@gmail.com,(815) 764-7147,kethansaiyaram.pdf
"6/15/19, 2:50 AM",http://www.linkedin.com/jobs/view/1309496257,Entry Level Software Developer,Tata Consultancy Services,ykethansai@gmail.com,(815) 764-7147,kethansaiyaram.pdf
