Question,Answer
Mobile phone number, +1 (815)-764-7147
Dates attended,2018-01-01 - 2019-12-01
Major / Field of study,Computer Science
Degree,Master's
State / Province,Illinois
City,"De Kalb, Illinois, United States"
Country,United States
School,Northern Illinois University
First name,Kethan Sai Yaram
State,Illinois
"Will you now, or in the future, require sponsorship for employment visa status (e.g. H-1B visa status)?",Yes
Photo,378847856.jpg
Are you legally authorized to work in the United States?,Yes
Industry,Food Services
Please submit a resume or LinkedIn profile, -1302116888.docx
Cover letter,"Dear Hiring Manager,   Providing actionable software solutions, ability to work in a diverse environment, and efficiency-bolstering process improvements is the hallmark Software Engineer career. Review of my qualifications will showcase a phenomenal work ethic and cross-functional expertise in Machine Learning. I am highly regarded for my effective project management capabilities, leading diverse teams to project completion as much as 20% ahead of schedule while emphasizing quality execution and fulfilling all unique client requirements.   Other highlights of my career that demonstrate my ability to immediately impact results include: •	Exemplary educational qualifications include Master of Science Candidacy in Computer Science from Northern Illinois University and a Bachelor of Science in Computer Science from Gandhi Institute of Technology and Management.  •	Executed a Journal Recommendation System by implementing a dynamic algorithm using weighted Tau as a measure for augmented results with an accuracy of 70%. •	Developed software solutions and applications that were 20% more efficient than existing systems and applications. •	Managed and oversaw the performance of company machinery and equipment at GITAM University, monitoring performance to improve efficiency and safety; implemented improvements which increased efficiency by 15%. •	Implemented an LDA vector model to classify words on Twitter by their sentiments as a personal project; used these classifications and developed a model that predicted tweet sentiments with 70% accuracy. •	Determined the severity of economic recessions through quarterly analysis, using live data collected from Zillow, Wikipedia pages on college towns, and data from the US Department of Commerce’s Bureau of Economic Analysis; developed an algorithm to automatically complete data analysis, increasing internal efficiency by 7%; tested project hypotheses through t-testing. •	Cultivated positive relationships with clients and colleagues, leveraging language skills in English, Hindi, and Telugu to converse with clarity and diplomacy to individuals from diverse backgrounds and expertise. •	Developed an application which automatically maintained and updated records in Hewlett Packard’s database using Java and MYSQL; worked as part of a three-member team and presented all aspects needed for the development.  These experiences provide me with the insight to play a vital role on your team. My resume will provide additional details concerning my accomplishments. I welcome the opportunity for an interview to discuss the performance you can expect from me.   Thank you in advance for your time and consideration. I look forward to hearing from you soon.  Sincerely,   Kethan Sai Yaram "
Please submit a resume or LinkedIn profile,42806770.docx
Last name,Yaram
Dates of employment,2016-01-01 - 2017-03-01
Description,"▪ Managed and oversaw the performance of school machinery and equipment, monitoring and analyzing performance to improve efficiency and safety; implemented improvements which increased efficiency by 15%. ▪ Assisted students with technological questions and handled material related to course work. Maintained and updated the course work system by reporting and assisting in changes. ▪ Collaborated in requirement gathering and facilitated in designing components using Java Rest API on the Student management system. ▪ Implemented methods using Agile development with the Scrum process framework."
Your title,Teaching Assistant
State / Province,Andhra Pradesh
Country,India
City,"Visakhapatnam, Andhra Pradesh, India"
State / Province,Illinois
Company,"Gandhi Institute of Technology & Management (GITAM) University, Visakhapatnam"
Dates of employment,2016-07-01 - 2017-03-01
Description,"▪ Developed an application that automatically maintained and updated records in the company database using Java and MYSQL; worked as part of a three-member team and presented all aspects needed for the development. ▪ Developed software solutions and applications that were 20% more efficient than existing systems and applications. ▪ Participated in a month-long group training session with up to 15-20 people where we learned, discussed and developed using core Java and its API."
Country,United States
Your title,Software Engineer Intern
State / Province,Telangana
Country,India
ZIP / Postal Code,60115
City,"Hyderabad, Telangana, India"
Company,Hewlett Packard Enterprise
Dates of employment,2019-06-01 - 2019-11-01
Description,"• Assisted managers with employees discipline sessions, attendance logs, and maintaining up to date contact information • Managed and coordinate employees for meal preparations and station training. • Coordinated work Force Management, editing, keying exceptions, and approving time • Assisted managers with administrative tasks, scheduling, ordering, and inventory responsibilities • Maintained a safe work environment by enforcing all safety standards and assisting with STEP observations •  Provided ongoing coaching and performance feedback to staff members"
City,"De Kalb, Illinois, United States"
Your title,Student Manager
State / Province,Illinois
Country,United States
City,"De Kalb, Illinois, United States"
Company,Gilbert hall
Street address line 1,131 John st
Dates attended,2013-07-01 - 2017-04-01
Major / Field of study,Computer Science
Degree,Bachelor's
State / Province,Andhra Pradesh
City,"Visakhapatnam, Andhra Pradesh, India"
Country,India
School,"Gandhi Institute of Technology & Management (GITAM) University, Visakhapatnam"
First name,Kethan Sai 
