Question,Answer
Country,United States
Gender,Male
LinkedIn Profile,https://www.linkedin.com/in/kethansaiyaram
Personal Information Policy,Acknowledge/Confirm
How did you hear about this job?,LinkedIn
Cover letter, -1391966154.docx
Veteran Status,I am not a protected veteran
Email address,ykethansai@gmail.com
First name,Kethan Sai 
City,De Kalb
Last name,Yaram
State / Province,Illinois
Mobile phone number, +1 8157647147 Ext.
Race and ethnicity,Asian
Disability Status,"No, I don't have a disability"
Please submit a resume or LinkedIn profile,155185697.docx
