Question,Answer
First name,Kethan Sai 
Country,United States
Mobile phone number, +1 (815)-764-7147
Please submit a resume or LinkedIn profile, -83319960.pdf
Email address,ykethansai@gmail.com
Do you have any experience working with WebRTC?,No
State / Province,Illinois
LinkedIn Profile,https://www.linkedin.com/in/kethansaiyaram
Last name,Yaram
Work Authorization,I am authorized to work for any employer in the country in the US.
City,"Dekalb, Illinois"
Why do you want to work for Airtime?,"I feel that my proven track record working in different technologies and environments makes me an excellent match for the job requirements. Also, the role excites me because I love the idea of helping to develop cutting-edge software products and I know I could start delivering results from Day 1. I would welcome the opportunity to work with the best in the business.  At the same time, I have friends in the industry who have praised your company’s respect for employees and how you create a great environment for rewarding innovation. I think my proactive style would fit in really well here."
