Question,Answer
Company,"Gandhi Institute of Technology & Management (GITAM) University, Visakhapatnam"
Last name,Yaram
Are you currently working as a contractor for a Verisk business?,No
Please submit a resume or LinkedIn profile, -1284013566.pdf
School,Northern Illinois University
State / Province,Andhra Pradesh
Major / Field of study,Computer Science
Your message to the hiring manager,"Dear Hiring Manager,  Providing exceptional custom software solutions, and efficiency-bolstering process improvements are the hallmark of my Data Science career. Review of my qualifications will showcase a phenomenal work ethic and cross-functional expertise in Machine Learning. I am highly regarded for my effective project management capabilities, leading diverse teams to project completion as much as 20% ahead of schedule while emphasizing quality execution and fulfilling all unique client requirements. If Verisk is interested in attaining these skills, then I am the right fit for your Intern position.  Other highlights of my career that demonstrate my ability to immediately impact results at Verisk include: •	Exemplary educational qualifications include Master of Science Candidacy in Computer Science from Northern Illinois University and a Bachelor of Science in Computer Science from Gandhi Institute of Technology and Management.  •	Executed a Journal Recommendation System by implementing a dynamic algorithm using weighted Tau as a measure for augmented results with an accuracy of 70%. •	Developed software solutions and applications that were 20% more efficient than existing systems and applications. •	Managed and oversaw the performance of company machinery and equipment at GITAM University, monitoring performance to improve efficiency and safety; implemented improvements which increased efficiency by 15%. •	Implemented an LDA vector model to classify words on Twitter by their sentiments as a personal project; used these classifications and developed a model that predicted tweet sentiments with 70% accuracy. •	Determined the severity of economic recessions through quarterly analysis, using live data collected from Zillow,Wikipedia pages on college towns, and data from the US Department of Commerce’s Bureau of Economic Analysis; developed an algorithm to automatically complete data analysis, increasing internal efficiency by 7%. Thank you in advance for your time"
Degree,Bachelor of Science - BS
Have you ever been employed by a Verisk business?,No
City,Hyderabad
Job Listing Type,PREMIUM
First name,Kethan Sai 
Dates attended,2014-01-01 - 2017-12-01
City,Visakhapatnam
Email address,ykethansai@gmail.com
Country,India
Your title,Teaching Assistant
Degree,Master of Science - MS
Major / Field of study,Computer Science
Dates attended,2018-01-01 - 2019-07-01
Mobile phone number, +1 8157647147 Ext.
City,Dekalb
Are you currently subject to a non-compete or employment agreement with another employer?,No
"Are you a protected veteran?  <a href=""https://smartrecruiters.com/oneclick/resources/ofccpVeterans?lang=en"" target=""_blank"">(definitions)</a>",No
"Will you now, or in the future, require an employment visa?",Yes
Country,United States
Your title,Database & Applications Intern
"Do you have (or previously had) a disability?  <a href=""https://smartrecruiters.com/oneclick/resources/ofccpDisability?lang=en"" target=""_blank"">(definitions)</a>",No
Do you have the right to work in the location of this role?,Yes
Description,"•	Managed and oversaw the performance of school machinery and equipment, monitoring and⠀⠀⠀ ⠀analyzing performance to improve efficiency and safety; implemented improvements which ⠀⠀⠀ ⠀increased efficiency by 15%. •	Organized and implemented a three-member security detail, which increased security by an ⠀⠀⠀ ⠀estimated 10%.  •	Handled material related to course work and assisted 30 students with technological questions. "
"Race/Ethnicity - Gender, Race and Ethnicity  <a href=""https://smartrecruiters.com/oneclick/resources/eeoGeneral?lang=en"" target=""_blank"">(definitions)</a>",Asian
Description,•	Developed an application which automatically maintained and updated records in the company ⠀database using Java and MYSQL; worked as part of a three-member team and presented all⠀⠀⠀ ⠀aspects needed for development. •	Developed software solutions and applications that were 20% more efficient than existing systems ⠀and applications. 
Country,India
LinkedIn Profile,https://www.linkedin.com/in/kethansaiyaram
State / Province,Telangana
State / Province,Illinois
"BY CHECKING THIS BOX, YOU WILL DECLARE THAT YOU READ AND UNDERSTAND THE VERISK <a href='https://www.verisk.com/privacy-trademarks-use/verisk-analytics-candidate-privacy-notice/' target='_blank'>PRIVACY POLICY</a>, AND THE SMARTRECRUITERS <a href='https://www.smartrecruiters.com/privacy-policy/?' target='_blank'>PRIVACY POLICY</a> AND SMARTRECRUITERS <a href='https://www.smartrecruiters.com/legal/terms-of-use/' target='_blank'> TERMS OF USE</a>.",I Agree Terms & Conditions
Dates of employment,2016-01-01 - 2017-03-01
School,"Gandhi Institute of Technology & Management (GITAM) University, Visakhapatnam"
"Gender - Gender, Race and Ethnicity  <a href=""https://smartrecruiters.com/oneclick/resources/eeoGeneral?lang=en"" target=""_blank"">(definitions)</a>",Male
Dates of employment,2017-04-01 - 2017-06-01
Company,Hewlett Packard Enterprise
