Question,Answer
"Will you now, or in the future, require sponsorship for employment visa status (e.g. H-1B visa, F1 visa, etc.)",Yes
Email address,ykethansai@gmail.com
Disability Status,"No, I don't have a disability"
Mobile phone number, +1 8157647147
City,DeKalb
LinkedIn Profile,https://www.linkedin.com/in/kethansaiyaram
Race and ethnicity,Asian
Please submit a resume or LinkedIn profile, -161835250.docx
Veteran Status,I am not a protected veteran
State / Province,Illinois
Last name,Yaram
Gender,Male
Are you willing to relocate?,Yes
Country,United States
First name,Kethan Sai 
Desired Salary?,negotiable
Cover letter,412105716.docx
