Question,Answer
Your title,Database & Applications Intern
Description,"• Assist managers with employee discipline sessions, attendance logs, and maintaining up to date contact information • Manage and coordinate employee for meal preparations and station training. • Responsible for Work Force Management scheduling, editing, keying exceptions and approving time • Assist managers with administrative tasks, scheduling, ordering and inventory responsibilities • Maintain a safe work environment by enforcing all safety standards and assisting with STEP observations •  Provide on-going coaching and performance feedback to staff members"
School,Northern Illinois University
Your title,Student Manager
Photo,2005061759.jpg
Description,•	Developed an application which automatically maintained and updated records in the company ⠀database using Java and MYSQL; worked as part of a three-member team and presented all⠀⠀⠀ ⠀aspects needed for development. •	Developed software solutions and applications that were 20% more efficient than existing systems ⠀and applications. 
Degree,Bachelor of Science - BS
Cover letter,"Dear Hiring Manager,   Providing actionable software solutions, ability to work in a diverse environment, and efficiency-bolstering process improvements is the hallmark Software Engineer career. Review of my qualifications will showcase a phenomenal work ethic and cross-functional expertise in Machine Learning. I am highly regarded for my effective project management capabilities, leading diverse teams to project completion as much as 20% ahead of schedule while emphasizing quality execution and fulfilling all unique client requirements. If Emplify Corporation is interested in attaining these skills, then I am the right fit for your Software Engineer position.  Other highlights of my career that demonstrate my ability to immediately impact results at Emplify Corporation include: •	Exemplary educational qualifications include Master of Science Candidacy in Computer Science from Northern Illinois University and a Bachelor of Science in Computer Science from Gandhi Institute of Technology and Management.  •	Executed a Journal Recommendation System by implementing a dynamic algorithm using weighted Tau as a measure for augmented results with an accuracy of 70%. •	Developed software solutions and applications that were 20% more efficient than existing systems and applications. •	Managed and oversaw the performance of company machinery and equipment at GITAM University, monitoring performance to improve efficiency and safety; implemented improvements which increased efficiency by 15%. •	Implemented an LDA vector model to classify words on Twitter by their sentiments as a personal project; used these classifications and developed a model that predicted tweet sentiments with 70% accuracy. •	Determined the severity of economic recessions through quarterly analysis, using live data collected from Zillow, Wikipedia pages on college towns, and data from the US Department of Commerce’s Bureau of Economic Analysis; developed an algorithm to automatically complete data analysis, increasing internal efficiency by 7%; tested project hypotheses through t-testing. •	Cultivated positive relationships with clients and colleagues, leveraging language skills in English, Hindi, and Telugu to converse with clarity and diplomacy to individuals from diverse backgrounds and expertise. •	Developed an application which automatically maintained and updated records in Hewlett Packard’s database using Java and MYSQL; worked as part of a three-member team and presented all aspects needed for the development.  These experiences provide me with the insight to play a vital role on your team. My resume will provide additional details concerning my accomplishments. I welcome the opportunity for an interview to discuss the performance you can expect from me.   Thank you in advance for your time and consideration. I look forward to hearing from you soon.  Sincerely,   Kethan Sai Yaram "
Your title,Teaching Assistant
Company,"Gandhi Institute of Technology & Management (GITAM) University, Visakhapatnam"
Street address line 1,131 John st
Email address,ykethansai@gmail.com
State / Province,Illinois
Dates attended,2014-01-01 - 2017-12-01
Please submit a resume or LinkedIn profile, -1304826387.docx
ZIP / Postal Code,60115
First name,Kethan Sai 
Degree,Master of Science - MS
Company,Hewlett Packard Enterprise
Major / Field of study,Computer Science
School,"Gandhi Institute of Technology & Management (GITAM) University, Visakhapatnam"
City,De Kalb
Major / Field of study,Computer Science
Summary,"Dedicated, detail-oriented multilingual Junior Software Developer with the educational qualifications and combined project and work experience to develop streamlined software solutions for industry leaders. Demonstrated expertise with a combination of industry-standard and cutting-edge technologies, as well as cross-functional experience in data science, machine learning, and project management. Flexible professional, comfortable working independently or collaborating with diverse teammates to ensure technical solutions meet business needs. Exemplary educational qualifications include Master of Science candidacy in Computer Science at Northern Illinois University."
Last name,Yaram
Company,Gilbert hall
Dates attended,2018-01-01 - 2019-11-01
Industry,Food Services
Mobile phone number, +1 8157647147
Headline,"Result-Oriented, Dynamic Junior Software Developer and Analyst - Welcome to an opportunity to use my skills and grow!."
Country,United States
Description,"•	Managed and oversaw the performance of school machinery and equipment, monitoring and⠀⠀⠀ ⠀analyzing performance to improve efficiency and safety; implemented improvements which ⠀⠀⠀ ⠀increased efficiency by 15%. •	Organized and implemented a three-member security detail, which increased security by an ⠀⠀⠀ ⠀estimated 10%.  •	Handled material related to course work and assisted 30 students with technological questions. "
Dates of employment,2019-06-01 - null-null-null
Job Listing Type,BASIC
Dates of employment,2016-01-01 - 2017-03-01
Dates of employment,2016-07-01 - 2017-03-01
