Question,Answer
Mobile phone number, +1 (815)-764-7147
How did you hear about this job?,LinkedIn
Last name,Yaram
Please submit a resume or LinkedIn profile, -83319960.pdf
Are you legally authorized to work in the United States?,Yes
Email address,ykethansai@gmail.com
Have you been employed by Yext in the past?,No
"Prospective Talent and Job Applicant Privacy Notice<br/><p><span style=""font-weight: 400;"">When you apply to a job on this site, any personal data you provide, or which is collected as part of this process, will be processed by the Yext company you have applied to (&ldquo;Controller&rdquo;) in order to manage its recruitment and hiring related activities. Under European data protection laws, your rights may include the right to access, port, erase, restrict, rectify or object to the processing of your personal data or where we rely on consent, the right to withdraw that consent. More details about our processing and your rights are set out in our</span><a href=""https://www.yext.com/terms/applicant-privacy-notice""> <span style=""font-weight: 400;"">Job Applicant Privacy Notice</span></a><span style=""font-weight: 400;"">.</span></p>",Confirm
First name,Kethan Sai 
Will you now or in the future require sponsorship for employment visa status (e.g. H-1B visa status)?,Yes
