Question,Answer
Gender,Male
Mobile phone number, +1 (815)-764-7147
First name,Kethan Sai 
Email address,ykethansai@gmail.com
Disability Status,"No, I don't have a disability"
Veteran Status,I am not a protected veteran
Last name,Yaram
"Do you currently or have you previously worked for an Alphabet company as an employee, temp, vendor, contractor, or intern?",Yes
Race and ethnicity,Asian
Do you have an internal reference at Alphabet?,No
LinkedIn Profile,https://www.linkedin.com/in/kethansaiyaram
Please submit a resume or LinkedIn profile, -83319960.pdf
How did you hear about this job?,LinkedIn
