Question,Answer
Mobile phone number, +1 (815)-764-7147
Veteran status,I am not a protected veteran
Last name,Yaram
State,Illinois
Email address,ykethansai@gmail.com
Name,Kethan sai Yaram
First name,Kethan Sai Yaram
Gender,Male
ZIP / Postal Code,60115
<strong>Disability</strong>,"No, I don't have a disability"
City,"DeKalb County, Illinois, United States"
Race,"Asian, not Hispanic or Latino"
Street address line 1,131 John st
Today's date,2020-01-17
Please submit a resume or LinkedIn profile, -83319960.pdf
