Question,Answer
LinkedIn Profile,https://www.linkedin.com/in/kethansaiyaram
"Are you a National of a country that requires a Deemed Export License? Examples of countries include Cuba, Iran, North Korea, Sudan, Syria, Crimea Region of Ukraine.",No
Race and ethnicity,Asian
City,"De Kalb, Illinois, United States"
Please submit a resume or LinkedIn profile,42806770.docx
Email address,ykethansai@gmail.com
Gender,Male
First name,Kethan Sai 
Country,United States
Personal Information Policy,Acknowledge/Confirm
Last name,Yaram
Veteran Status,I am not a protected veteran
Mobile phone number, +1 (815)-764-7147
Disability Status,"No, I don't have a disability"
State / Province,Illinois
