Question,Answer
Do you have an internal reference at Alphabet?,No
Mobile phone number, +1 (815)-764-7147
How did you hear about this job?,LinkedIn 
Please submit a resume or LinkedIn profile,42806770.docx
Cover letter,1444709733.docx
Email address,ykethansai@gmail.com
LinkedIn Profile,https://www.linkedin.com/in/kethansaiyaram
Race and ethnicity,Asian
Last name,Yaram
Veteran Status,I am not a protected veteran
Gender,Male
First name,Kethan Sai 
"Do you currently or have you previously worked for an Alphabet company as an employee, temp, vendor, contractor, or intern?",No
Disability Status,"No, I don't have a disability"
