Question,Answer
Email address,ykethansai@gmail.com
LinkedIn Profile,https://www.linkedin.com/in/kethansaiyaram
Disability Status,"No, I don't have a disability"
Mobile phone number, +1 (815)-764-7147
Race and ethnicity,Asian
Personal Information Policy,Acknowledge/Confirm
Last name,Yaram
Country,United States
City,"Dekalb, Illinois"
Veteran Status,I am not a protected veteran
Gender,Male
Please submit a resume or LinkedIn profile, -83319960.pdf
First name,Kethan Sai 
"Are you a National of a country that requires a Deemed Export License? Examples of countries include Cuba, Iran, North Korea, Sudan, Syria, Crimea Region of Ukraine.",No
State / Province,Illinois
