Question,Answer
Mobile phone number, +1 (815)-764-7147
Please submit a resume or LinkedIn profile,42806770.docx
Job Listing Type,BASIC
"In your own words (e.g. not copying & pasting from our website), what is your understanding of what we do here at Myndshft?",Team of doers that work passionately to apply cutting edge advances in software to solve real-world challenges that will transform customers’ experiences. Invent new improvements every day.
"Are you eligible to work in the U.S. without visa sponsorship, now or in the future?",Yes
Email address,ykethansai@gmail.com
Last name,Yaram
First name,Kethan Sai 
