Question,Answer
School,Northern Illinois University
Your title,Database & Applications Intern
Description,"▪ Managed and oversaw the performance of school machinery and equipment, monitoring and analyzing performance to improve efficiency and safety; implemented improvements which increased efficiency by 15%. ▪ Assisted students with technological questions and handled material related to course work. Maintained and updated the course work system by reporting and assisting in changes. ▪ Collaborated in requirement gathering and facilitated in designing components using Java Rest API on the Student management system. ▪ Implemented methods using Agile development with the Scrum process framework."
Country,United States
First name,Kethan Sai Yaram
Company,Hewlett Packard Enterprise
Description,"• Assisted managers with employees discipline sessions, attendance logs, and maintaining up to date contact information • Managed and coordinate employees for meal preparations and station training. • Coordinated work Force Management, editing, keying exceptions, and approving time • Assisted managers with administrative tasks, scheduling, ordering, and inventory responsibilities • Maintained a safe work environment by enforcing all safety standards and assisting with STEP observations •  Provided ongoing coaching and performance feedback to staff members"
Company ID,1529079681
Email address,ykethansai@gmail.com
Description,"▪ Developed an application that automatically maintained and updated records in the company database using Java and MYSQL; worked as part of a three-member team and presented all aspects needed for the development. ▪ Developed software solutions and applications that were 20% more efficient than existing systems and applications. ▪ Participated in a month-long group training session with up to 15-20 people where we learned, discussed and developed using core Java and its API."
Company ID,1450463329
Dates of employment,2016-07-null - 2017-03-null
Dates attended,2014-null-null - 2017-null-null
Major / Field of study,Computer Science
Major / Field of study,Computer Science
LinkedIn Id,Gk6J7_Rk6L
Company,"Gandhi Institute of Technology & Management (GITAM) University, Visakhapatnam"
Public Profile Url,http://www.linkedin.com/pub/kethan-sai-yaram-ms/130/224/5b3
Dates of employment,2019-06-null - 2019-11-null
Dates of employment,2016-01-null - 2017-03-null
ZIP / Postal Code,60115
Company ID,1450461993
Your title,Teaching Assistant
Dates attended,2018-null-null - 2019-null-null
Last name,",MS"
Job LinkedIn ID,1648426651
Degree,Master of Science - MS
Company,Gilbert hall
School,"Gandhi Institute of Technology & Management (GITAM) University, Visakhapatnam"
Headline,"Dynamic Junior Software Engineer, Analyst and a Tech crusader."
Job Company,CyberCoders
Job Title,Software Engineer
Your title,Student Manager
Degree,Bachelor of Science - BS
