Question,Answer
Last name,Yaram
Desired salary,85000$
Please submit a resume or LinkedIn profile, -1302116888.docx
Cover letter, -798873316.docx
Have you been employed by Yext in the past?,No
Mobile phone number, +1 (815)-764-7147
Will you now or in the future require sponsorship for employment visa status (e.g. H-1B visa status)?,Yes
How did you hear about this job?,LinkedIn
First name,Kethan Sai 
Are you legally authorized to work in the United States?,Yes
"Prospective Talent and Job Applicant Privacy Notice<br/><p><span style=""font-weight: 400;"">When you apply to a job on this site, any personal data you provide, or which is collected as part of this process, will be processed by the Yext company you have applied to (&ldquo;Controller&rdquo;) in order to manage its recruitment and hiring related activities. Under European data protection laws, your rights may include the right to access, port, erase, restrict, rectify or object to the processing of your personal data or where we rely on consent, the right to withdraw that consent. More details about our processing and your rights are set out in our</span><a href=""https://www.yext.com/terms/applicant-privacy-notice""> <span style=""font-weight: 400;"">Job Applicant Privacy Notice</span></a><span style=""font-weight: 400;"">.&nbsp;<br /><br /></span>California Privacy Rights Notice for Job Applicants&nbsp;</p> <div class=""gmail_default"">Under the California Consumer Privacy Act (&ldquo;CCPA&rdquo;), Yext is required to inform California residents who are our job applicants or prospective talent (together &ldquo;job applicants&rdquo;) about the categories of personal information we collect about you and the purposes for which we will use this information.&nbsp; This&nbsp;<a href=""https://www.yext.com/terms/ccpa-applicant-notice"" target=""_blank"" rel=""noopener"" data-saferedirecturl=""https://www.google.com/url?q=https://www.yext.com/terms/ccpa-applicant-notice&amp;source=gmail&amp;ust=1577817400153000&amp;usg=AFQjCNGywHKF6WqMANPVfAkhhrHoaFYkCw"">notice</a>&nbsp;contains disclosures required by the CCPA and applies only to personal information that is subject to the CCPA.</div>",Confirm
Email address,ykethansai@gmail.com
LinkedIn Profile,https://www.linkedin.com/in/kethansaiyaram
