Question,Answer
First name,Kethan Sai 
Name,Kethan Sai Yaram
Last name,Yaram
Are you legally authorized to work in the United States?,Yes
Please submit a resume or LinkedIn profile,42806770.docx
"For purposes of data retention practices, do you currently reside in one of the following countries?",No
Race/Ethnicity,Asian (Not Hispanic or Latino)
Will you now or in the future require sponsorship for employment visa status (e.g. H1-B visa status)?,Yes
<strong>Disability</strong>,"No, I don't have a disability"
Mobile phone number, +1 (815)-764-7147
Have you ever worked for LinkedIn or Microsoft or any of its affiliates in any capacity?,None of the above
Today's date,2020-03-09
"Have you ever worked for Deloitte & Touche, Curach, Ingeus, STR, Intelligent Energy, or any other Deloitte affiliates?",No
Veteran status,I am not a protected veteran
Gender,Male
Email address,ykethansai@gmail.com
