Question,Answer
"Are you a protected veteran?  <a href=""https://smartrecruiters.com/oneclick-ui/resources/html/ofccpVeterans?lang=en"" target=""_blank"">(definitions)</a>",No
State / Province,Illinois
Email address,ykethansai@gmail.com
First name,Kethan Sai 
"Gender - Gender, Race and Ethnicity  <a href=""https://smartrecruiters.com/oneclick-ui/resources/html/eeoGeneral?lang=en"" target=""_blank"">(definitions)</a>",Male
Country,India
State / Province,Illinois
Degree,Bachelor's
Job Listing Type,PREMIUM
City,"Visakhapatnam, Andhra Pradesh, India"
Company,"Gandhi Institute of Technology & Management (GITAM) University, Visakhapatnam"
Country,United States
Major / Field of study,Computer Science
Country,India
Country,India
Are you currently working as a contractor for a Verisk business?,No
Company,Hewlett Packard Enterprise
Major / Field of study,Computer Science
"Race/Ethnicity - Gender, Race and Ethnicity  <a href=""https://smartrecruiters.com/oneclick-ui/resources/html/eeoGeneral?lang=en"" target=""_blank"">(definitions)</a>",Asian
School,Northern Illinois University
Degree,Master's
Are you currently subject to a non-compete or employment agreement with another employer?,No
Dates of employment,2016-07-01 - 2017-03-01
Dates of employment,2016-01-01 - 2017-03-01
"BY CHECKING THIS BOX, YOU WILL DECLARE THAT YOU READ AND UNDERSTAND THE VERISK <a href='https://www.verisk.com/privacy-trademarks-use/verisk-analytics-candidate-privacy-notice/' target='_blank'>PRIVACY POLICY</a>, AND THE SMARTRECRUITERS <a href='https://www.smartrecruiters.com/privacy-policy/?' target='_blank'>PRIVACY POLICY</a> AND SMARTRECRUITERS <a href='https://www.smartrecruiters.com/legal/terms-of-use/' target='_blank'> TERMS OF USE</a>.",I Agree Terms & Conditions
Country,United States
Will you now or in the future require sponsorship for employment visa status (e.g. H-lB visa status)?,Yes
School,"Gandhi Institute of Technology & Management (GITAM) University, Visakhapatnam"
Please submit a resume or LinkedIn profile,1892066134.docx
Do you have the right to work in the location of this role?,Yes
State / Province,Telangana
State / Province,Illinois
Your title,Software Engineering Intern
Description,"▪ Developed an application that automatically maintained and updated records in the company database using Java and MYSQL; worked as part of a three-member team and presented all aspects needed for the development. ▪ Developed software solutions and applications that were 20% more efficient than existing systems and applications. ▪ Participated in a month-long group training session with up to 15-20 people where we learned, discussed and developed using core Java and its API."
Mobile phone number, +1 (815)-764-7147
Your title,Student Manager
Have you ever been employed by a Verisk business?,No
Dates of employment,2019-06-01 - 2019-11-01
Country,United States
Company,Gilbert hall
City,"Visakhapatnam, Andhra Pradesh, India"
"Do you have (or previously had) a disability?  <a href=""https://smartrecruiters.com/oneclick-ui/resources/html/ofccpDisability?lang=en"" target=""_blank"">(definitions)</a>",No
Your title,Teaching Assistant
City,"De Kalb, Illinois, United States"
City,"De Kalb, Illinois, United States"
Last name,Yaram
Description,"• Assisted managers with employees discipline sessions, attendance logs, and maintaining up to date contact information • Managed and coordinate employees for meal preparations and station training. • Coordinated work Force Management, editing, keying exceptions, and approving time • Assisted managers with administrative tasks, scheduling, ordering, and inventory responsibilities • Maintained a safe work environment by enforcing all safety standards and assisting with STEP observations •  Provided ongoing coaching and performance feedback to staff members"
State / Province,Andhra Pradesh
State / Province,Andhra Pradesh
Description,"▪ Managed and oversaw the performance of school machinery and equipment, monitoring and analyzing performance to improve efficiency and safety; implemented improvements which increased efficiency by 15%. ▪ Assisted students with technological questions and handled material related to course work. Maintained and updated the course work system by reporting and assisting in changes. ▪ Collaborated in requirement gathering and facilitated in designing components using Java Rest API on the Student management system. ▪ Implemented methods using Agile development with the Scrum process framework."
Dates attended,2018-01-01 - 2019-12-01
City,"De Kalb, Illinois, United States"
City,"Hyderabad, Telangana, India"
Dates attended,2013-06-01 - 2017-04-01
LinkedIn Profile,https://www.linkedin.com/in/kethansaiyaram
