Question,Answer
Last name,Yaram
Country,United States
Job Listing Type,BASIC
First name,Kethan Sai 
Mobile phone number, +1 (815)-764-7147
Email address,ykethansai@gmail.com
City,"De Kalb, Illinois, United States"
State / Province,Illinois
Why are you interested in joining the Enervee team?,"I feel that my proven track record working in different technologies and environments makes me an excellent match for the job requirements. Also, the role excites me because I love the idea of helping to develop cutting-edge software products and I know I could start delivering results from Day 1. I would welcome the opportunity to work with the best in the business.  At the same time, I have friends in the industry who have informed me about your company’s respect for employees and how you create a great environment for rewarding innovation. I think my proactive style would fit in really well here."
ZIP / Postal Code,60115
Please submit a resume or LinkedIn profile,1892066134.docx
Cover letter,"Dear Hiring Manager,   Providing actionable software solutions, ability to work in a diverse environment, and efficiency-bolstering process improvements is the hallmark Software Engineer career. Review of my qualifications will showcase a phenomenal work ethic and cross-functional expertise in Machine Learning. I am highly regarded for my effective project management capabilities, leading diverse teams to project completion as much as 20% ahead of schedule while emphasizing quality execution and fulfilling all unique client requirements.   Other highlights of my career that demonstrate my ability to immediately impact results include: •	Exemplary educational qualifications include Master of Science Candidacy in Computer Science from Northern Illinois University and a Bachelor of Science in Computer Science from Gandhi Institute of Technology and Management.  •	Executed a Journal Recommendation System by implementing a dynamic algorithm using weighted Tau as a measure for augmented results with an accuracy of 70%. •	Developed software solutions and applications that were 20% more efficient than existing systems and applications. •	Managed and oversaw the performance of company machinery and equipment at GITAM University, monitoring performance to improve efficiency and safety; implemented improvements which increased efficiency by 15%. •	Implemented an LDA vector model to classify words on Twitter by their sentiments as a personal project; used these classifications and developed a model that predicted tweet sentiments with 70% accuracy. •	Determined the severity of economic recessions through quarterly analysis, using live data collected from Zillow, Wikipedia pages on college towns, and data from the US Department of Commerce’s Bureau of Economic Analysis; developed an algorithm to automatically complete data analysis, increasing internal efficiency by 7%; tested project hypotheses through t-testing. •	Cultivated positive relationships with clients and colleagues, leveraging language skills in English, Hindi, and Telugu to converse with clarity and diplomacy to individuals from diverse backgrounds and expertise. •	Developed an application which automatically maintained and updated records in Hewlett Packard’s database using Java and MYSQL; worked as part of a three-member team and presented all aspects needed for the development.  These experiences provide me with the insight to play a vital role on your team. My resume will provide additional details concerning my accomplishments. I welcome the opportunity for an interview to discuss the performance you can expect from me.   Thank you in advance for your time and consideration. I look forward to hearing from you soon.  Sincerely,   Kethan Sai Yaram "
Street address line 1,131 John st
