Question,Answer
Dates of employment,2016-07-01 - 2017-03-01
Company,"Gandhi Institute of Technology & Management (GITAM) University, Visakhapatnam"
City,"De Kalb, Illinois, United States"
"On behalf of or through other arrangements with KPMG, Moss Adams or BDO USA, do you or a close family member of yours expect to provide ten (10) or more hours of non-audit services to Visa on a recurring basis going forward?",No
Country,India
Major / Field of study,Computer Science
State / Province,Andhra Pradesh
What is your highest level of education achieved?,Masters
Description,"• Assisted managers with employees discipline sessions, attendance logs, and maintaining up to date contact information • Managed and coordinate employees for meal preparations and station training. • Coordinated work Force Management, editing, keying exceptions, and approving time • Assisted managers with administrative tasks, scheduling, ordering, and inventory responsibilities • Maintained a safe work environment by enforcing all safety standards and assisting with STEP observations •  Provided ongoing coaching and performance feedback to staff members"
Description,"▪ Developed an application that automatically maintained and updated records in the company database using Java and MYSQL; worked as part of a three-member team and presented all aspects needed for the development. ▪ Developed software solutions and applications that were 20% more efficient than existing systems and applications. ▪ Participated in a month-long group training session with up to 15-20 people where we learned, discussed and developed using core Java and its API."
Dates attended,2018-01-01 - 2019-12-01
Dates of employment,2019-06-01 - 2019-11-01
Dates of employment,2016-01-01 - 2017-03-01
Company,Hewlett Packard Enterprise
City,"Hyderabad, Telangana, India"
Your title,Student Manager
City,"Visakhapatnam, Andhra Pradesh, India"
Degree,Bachelor's
"Gender - Gender, Race and Ethnicity  <a href=""https://smartrecruiters.com/oneclick-ui/resources/html/eeoGeneral?lang=en"" target=""_blank"">(definitions)</a>",Male
State / Province,Illinois
"Have you ever worked for Visa Inc. or any wholly-owned subsidiaries of Visa Inc. (e.g., CyberSource, Fundamo, etc.) in any capacity (e.g., Contractor, Full-time Employee, Consultant, Intern, etc.)?",No
"Do you have a close family member who works for KPMG, Moss Adams or BDO USA? (e.g., spouse, spousal equivalent, parent, dependent, non-dependent child or sibling)","a. No, I do not have a close family member who works for KPMG, Moss Adams or BDO USA"
"Have you been employed by KPMG, Moss Adams or BDO USA during the last two (2) years or otherwise maintain a present relationship with KPMG, Moss Adams or BDO USA (i.e., have any financial arrangements)?","a. No, I have never been employed at KPMG, Moss Adams or BDO USA"
"Do you have any contractual restrictions or restrictive covenants that could impact your ability to fully meet the needs of this position at Visa (e.g., a non-compete agreement)?",No
City,"De Kalb, Illinois, United States"
What school/university are you attending? Please write out the full name of your school/university.,Northern Illinois University
Country,United States
"BY CHECKING THIS BOX, YOU WILL DECLARE THAT YOU READ AND UNDERSTAND THE VISA <a href='https://usa.visa.com/legal/privacy-policy.html' target='_blank'>PRIVACY POLICY</a>, AND THE SMARTRECRUITERS <a href='https://www.smartrecruiters.com/privacy-policy/?' target='_blank'>PRIVACY POLICY</a> AND SMARTRECRUITERS <a href='https://www.smartrecruiters.com/legal/terms-of-use/' target='_blank'> TERMS OF USE</a>.",I Agree Terms & Conditions
Job Listing Type,BASIC
Email address,ykethansai@gmail.com
What is your GPA?,3.0 – 3.4
"Do you have an active relationship with KPMG, Moss Adams or BDO USA? If so, please indicate the nature of this relationship.","a. I do not have a present relationship with KPMG, Moss Adams or BDO USA"
Country,India
"Upon hire, can you provide verification of your identity and legal right to work in the United States? (If you will require sponsorship anytime in the future, please select, ""Yes, but will require sponsorship in the future."")","Yes, but will require sponsorship in the future"
First name,Kethan Sai 
Your title,Software Engineer Intern
State / Province,Andhra Pradesh
School,"Gandhi Institute of Technology & Management (GITAM) University, Visakhapatnam"
Your title,Teaching Assistant
State / Province,Illinois
Country,India
"Please enter your mailing address (street address, city, state, zip/postal code).","131 John St, Unit 3, Dekalb, Illinois, 60115"
What is your anticipated graduation date (month/year)?,12/2019
Please submit a resume or LinkedIn profile,1892066134.docx
Dates attended,2013-07-01 - 2017-04-01
"Are you a close relative (e.g., parent, child, spouse, sibling, or nephew/niece) of an employee of a company controlled or owned wholly or in part by a non-US government?",No
"Are you a close relative (e.g., parent, child, spouse, sibling, or nephew/niece) of an employee of a non-U.S. government or agency?",Yes
Company,Gilbert hall
State / Province,Illinois
Country,United States
"Are you a protected veteran?  <a href=""https://smartrecruiters.com/oneclick-ui/resources/html/ofccpVeterans?lang=en"" target=""_blank"">(definitions)</a>",No
"In the past 6 months have you been a decision maker on a Visa contract, license or permit while employed by a government or state owned entity (e.g., bank, airline, telecommunications company)? Note: A state-owned entity is a legal entity that is commercial enterprise owned or controlled by government.",No
"To your knowledge, do you have any relatives working or who have worked for Visa?",No
"Race/Ethnicity - Gender, Race and Ethnicity  <a href=""https://smartrecruiters.com/oneclick-ui/resources/html/eeoGeneral?lang=en"" target=""_blank"">(definitions)</a>",Asian
LinkedIn Profile,https://www.linkedin.com/in/kethansaiyaram
Last name,Yaram
Description,"▪ Managed and oversaw the performance of school machinery and equipment, monitoring and analyzing performance to improve efficiency and safety; implemented improvements which increased efficiency by 15%. ▪ Assisted students with technological questions and handled material related to course work. Maintained and updated the course work system by reporting and assisting in changes. ▪ Collaborated in requirement gathering and facilitated in designing components using Java Rest API on the Student management system. ▪ Implemented methods using Agile development with the Scrum process framework."
"My answers on this application are correct and I have not withheld any fact that might give Visa a reason not to hire me. If I am hired, any misleading or false statement given in my application or interviews may result in my discharge.",Confirmed
"Do you have (or previously had) a disability?  <a href=""https://smartrecruiters.com/oneclick-ui/resources/html/ofccpDisability?lang=en"" target=""_blank"">(definitions)</a>",No
State / Province,Telangana
Degree,Master's
School,Northern Illinois University
Country,United States
Major / Field of study,Computer Science
Mobile phone number, +1 (815)-764-7147
City,"De Kalb, Illinois, United States"
City,"Visakhapatnam, Andhra Pradesh, India"
"Based on your current or previous employment (in the last 24 months), are you subject to any restrictions on lobbying or appearing before the government?",No
