Question,Answer
Email address,ykethansai@gmail.com
What's your highest level of education completed?,College - Master of Science
College or University,Northern Illinois University
Desired salary,45000
Please submit a resume or LinkedIn profile,42806770.docx
Earliest start date?,2020-03-17
Street address line 1,131 John st
State,Illinois
First name,Kethan Sai Yaram
City,"De Kalb, Illinois, United States"
LinkedIn Profile,https://www.linkedin.com/in/kethansaiyaram
Mobile phone number, +1 (815)-764-7147
ZIP / Postal Code,60115
What's your citizenship / employment eligibility?,Non-citizen allowed to work for any employer
Last name,Yaram
