Question,Answer
"Coding exercise (fill this in order to be considered): Write a function that takes 4 parameters as input. The first one is the dimension 'a' of a 2-dimensional grid (a*a), the second one is the x coordinates of the starting point, third one are the y coordinates of the starting point and the fourth is a string of characters from this set: {'U','D','L','R'}. Each character represents Up, Down, Left, Right.<br/><br/>The function should return the coordinates of the location where the cursor would be if you applied the movements represented in the string.<br/><br/>Assumption: The grid is cylindrical, i.e. it wraps around on the left/right edge but not on the up down edges. If the next move would take the cursor out of the grid (i.e. top or bottom), then the move should be skipped.<br/><br/>Tests:<br/>Input: (3, 0, 0,""RDD"")<br/>Output: [2,1]<br/><br/>Input: (3, 1, 0, ""LLUU"")<br/>Output: [0,1]<br/><br/>Upload your code file here.", -883051239.docx
State,Illinois
Are you willing to relocate to Pittsburgh?,Yes
Street address line 1,131 John st
Cover letter,"Dear Hiring Manager,   Providing actionable software solutions, ability to work in a diverse environment, and efficiency-bolstering process improvements is the hallmark Software Engineer career. Review of my qualifications will showcase a phenomenal work ethic and cross-functional expertise in Machine Learning. I am highly regarded for my effective project management capabilities, leading diverse teams to project completion as much as 20% ahead of schedule while emphasizing quality execution and fulfilling all unique client requirements.   Other highlights of my career that demonstrate my ability to immediately impact results include: •	Exemplary educational qualifications include Master of Science Candidacy in Computer Science from Northern Illinois University and a Bachelor of Science in Computer Science from Gandhi Institute of Technology and Management.  •	Executed a Journal Recommendation System by implementing a dynamic algorithm using weighted Tau as a measure for augmented results with an accuracy of 70%. •	Developed software solutions and applications that were 20% more efficient than existing systems and applications. •	Managed and oversaw the performance of company machinery and equipment at GITAM University, monitoring performance to improve efficiency and safety; implemented improvements which increased efficiency by 15%. •	Implemented an LDA vector model to classify words on Twitter by their sentiments as a personal project; used these classifications and developed a model that predicted tweet sentiments with 70% accuracy. •	Determined the severity of economic recessions through quarterly analysis, using live data collected from Zillow, Wikipedia pages on college towns, and data from the US Department of Commerce’s Bureau of Economic Analysis; developed an algorithm to automatically complete data analysis, increasing internal efficiency by 7%; tested project hypotheses through t-testing. •	Cultivated positive relationships with clients and colleagues, leveraging language skills in English, Hindi, and Telugu to converse with clarity and diplomacy to individuals from diverse backgrounds and expertise. •	Developed an application which automatically maintained and updated records in Hewlett Packard’s database using Java and MYSQL; worked as part of a three-member team and presented all aspects needed for the development.  These experiences provide me with the insight to play a vital role on your team. My resume will provide additional details concerning my accomplishments. I welcome the opportunity for an interview to discuss the performance you can expect from me.   Thank you in advance for your time and consideration. I look forward to hearing from you soon.  Sincerely,   Kethan Sai Yaram "
Mobile phone number, +1 (815)-764-7147
College or University,Northern Illinois University
First name,Kethan Sai Yaram
City,"De Kalb, Illinois, United States"
Email address,ykethansai@gmail.com
How long are you available for to work on this internship?,As long as the company requires
ZIP / Postal Code,60115
Last name,Yaram
Are you local in Pittsburgh?,No
What do you expect to get out of this internship?,A better understanding and honing of my skills. Experiment and implement responsibilities while seeking to understand the implementation and connections.
Please submit a resume or LinkedIn profile,42806770.docx
